,0
5099,The Birds - 1963
8589,True Grit - 1969
11230,Mary Poppins - 1964
12761,Satanico Pandemonium: La Sexorcista - 1975
13736,Annie - 1982
14301,Identity - 2003
14304,Knight and Day - 2010
14306,Indiana Jones and the Dial of Destiny - 2023
14307,Ford v Ferrari - 2019
14308,Logan - 2017
14567,Von Ryan's Express - 1965
14815,Yôjinbô - 1961
15263,Conan the Destroyer - 1984
15366,Lawrence of Arabia - 1962
15943,The Great Escape - 1963
16693,Dr. No - 1962
16694,From Russia with Love - 1963
16696,Thunderball - 1965
17745,Lolita - 1962
17746,Dr. Strangelove or: How I Learned to Stop Worrying and Love the Bomb - 1964
17747,2001: A Space Odyssey - 1968
17748,A Clockwork Orange - 1971
17750,The Shining - 1980
17751,Full Metal Jacket - 1987
17752,Eyes Wide Shut - 1999
18034,You Only Live Twice - 1967
18041,Moonraker - 1979
18396,The Towering Inferno - 1974
18397,King Kong - 1976
18745,Sessomatto - 1973
19100,Death Wish - 1974
19132,La llamada del sexo - 1977
19211,Goldfinger - 1964
19216,Diamonds Are Forever - 1971
19218,The Man with the Golden Gun - 1974
20440,The Pink Panther - 1963
20819,Rosemary's Baby - 1968
20822,Chinatown - 1974
20827,Bitter Moon - 1992
20830,The Pianist - 2002
21280,Hang 'Em High - 1968
21284,Magnum Force - 1973
21553,Romeo and Juliet - 1968
22190,Le journal intime d'une nymphomane - 1973
22328,Le souffle au coeur - 1971
22332,Pretty Baby - 1978
22339,Damage - 1992
22574,First Blood - 1982
22815,Star Wars: Episode V - The Empire Strikes Back - 1980
22817,RoboCop 2 - 1990
22882,Contes immoraux - 1973
22940,Ai no korîda - 1976
23415,Jaws - 1975
23418,Raiders of the Lost Ark - 1981
23419,E.T. the Extra-Terrestrial - 1982
23420,Indiana Jones and the Temple of Doom - 1984
23424,Indiana Jones and the Last Crusade - 1989
23425,Hook - 1991
23426,Jurassic Park - 1993
23427,Schindler's List - 1993
23430,Saving Private Ryan - 1998
23431,Minority Report - 2002
23432,A.I. Artificial Intelligence - 2001
23433,Catch Me If You Can - 2002
23434,The Terminal - 2004
23435,Indiana Jones and the Kingdom of the Crystal Skull - 2008
23436,War of the Worlds - 2005
23439,The Adventures of Tintin - 2011
23440,The Fabelmans - 2022
23441,War Horse - 2011
23442,Ready Player One - 2018
23443,West Side Story - 2021
23445,The BFG - 2016
23519,Seppuku - 1962
23644,Taxi Driver - 1976
23648,Raging Bull - 1980
23653,Goodfellas - 1990
23656,Casino - 1995
23660,Gangs of New York - 2002
23662,The Departed - 2006
23663,Silence - 2016
23665,Hugo - 2011
23666,The Wolf of Wall Street - 2013
23667,Shutter Island - 2010
23668,The Irishman - 2019
23856,La carne - 1991
23911,Gojira · Ebira · Mosura Nankai no daikettô - 1966
24028,RoboCop - 1987
24029,Total Recall - 1990
24030,Basic Instinct - 1992
24031,Showgirls - 1995
24032,Starship Troopers - 1997
24033,Hollow Man - 2000
24037,Benedetta - 2021
24207,La grande vadrouille - 1966
24223,Willy Wonka & the Chocolate Factory - 1971
24319,La voglia matta - 1962
24592,Salò o le 120 giornate di Sodoma - 1975
24711,Kozure Ôkami: Sanzu no kawa no ubaguruma - 1972
24776,"Il buono, il brutto, il cattivo - 1966"
24777,C'era una volta il West - 1968
24779,Once Upon a Time in America - 1984
24973,The Three Musketeers - 1973
25220,The Amityville Horror - 1979
25413,Superman - 1978
25416,The Goonies - 1985
25418,Lethal Weapon - 1987
25420,Lethal Weapon 2 - 1989
25425,Lethal Weapon 4 - 1998
25427,16 Blocks - 2006
25573,The Dreamers - 2003
25677,Candy - 1968
25688,Bloodsport - 1988
25851,Butch Cassidy and the Sundance Kid - 1969
25900,Halloween - 1978
25903,The Thing - 1982
25906,Big Trouble in Little China - 1986
26143,One Flew Over the Cuckoo's Nest - 1975
26146,Amadeus - 1984
26180,The Godfather - 1972
26182,The Godfather Part II - 1974
26183,Apocalypse Now - 1979
26185,The Outsiders - 1983
26191,The Godfather Part III - 1990
26192,Bram Stoker's Dracula - 1992
26574,Planet of the Apes - 1968
26874,Nerosubianco - 1969
26878,Caligola - 1979
26879,La chiave - 1983
26882,Paprika - 1991
26883,Così fan tutte - 1992
26884,L'uomo che guarda - 1994
26885,Fermo posta Tinto Brass - 1995
26887,Monella - 1998
26888,Tra(sgre)dire - 2000
27117,Hairspray - 1988
27877,Bôgyaku onna gômon - 1978
27925,American Graffiti - 1973
27926,Star Wars - 1977
27927,Star Wars: Episode I - The Phantom Menace - 1999
27928,Star Wars: Episode II - Attack of the Clones - 2002
27929,Star Wars: Episode III - Revenge of the Sith - 2005
28104,Eo - 2022
28161,Jeremiah Johnson - 1972
28471,Return to the Blue Lagoon - 1991
28608,Die Blechtrommel - 1979
28858,The Fly - 1986
28904,Closer - 2004
28908,The Jungle Book - 1967
28909,The AristoCats - 1970
29010,Il mio nome è Nessuno - 1973
29267,The Exorcist - 1973
29470,The Italian Job - 1969
29817,Dune - 1984
29823,Mulholland Dr. - 2001
30024,Cannibal Holocaust - 1980
30181,Malizia - 1973
30199,Carrie - 1976
30205,Scarface - 1983
30213,Mission: Impossible - 1996
30379,The Changeling - 1980
30409,Night of the Living Dead - 1968
30412,Dawn of the Dead - 1978
30421,Land of the Dead - 2005
30491,Spaceballs - 1987
30597,L'iniziazione - 1986
30656,The Deep End of the Ocean - 1999
30662,Omohide poro poro - 1991
30663,Heisei tanuki gassen ponpoko - 1994
30888,How the Grinch Stole Christmas - 2000
30889,A Beautiful Mind - 2001
30892,The Da Vinci Code - 2006
30893,Angels & Demons - 2009
30896,Thirteen Lives - 2022
30899,Rush - 2013
30902,Inferno - 2016
30903,Solo: A Star Wars Story - 2018
31037,Footloose - 1984
31073,Das Boot - 1981
31074,The Neverending Story - 1984
31078,Outbreak - 1995
31080,The Perfect Storm - 2000
31081,Troy - 2004
31082,Poseidon - 2006
31653,Rocky - 1976
31657,The Karate Kid - 1984
31658,The Karate Kid Part II - 1986
31661,The Karate Kid Part III - 1989
31663,Rocky V - 1990
31666,Desert Heat - 1999
31672,Suspiria - 1977
31763,A Walk in the Clouds - 1995
31839,8 Mile - 2002
31879,Rambo: First Blood Part II - 1985
31880,Cobra - 1986
32399,The World Is Not Enough - 1999
32403,The Chronicles of Narnia: The Voyage of the Dawn Treader - 2010
32776,Dead Poets Society - 1989
32779,The Truman Show - 1998
32780,Master and Commander: The Far Side of the World - 2003
32802,Blue Thunder - 1983
32992,Unforgiven - 1992
33000,Mystic River - 2003
33001,Million Dollar Baby - 2004
33006,Gran Torino - 2008
33011,American Sniper - 2014
33013,Sully - 2016
33065,National Lampoon's Animal House - 1978
33067,An American Werewolf in London - 1981
33068,Trading Places - 1983
33072,Coming to America - 1988
33112,Friday the 13th - 1980
33177,Mad Max - 1979
33178,Mad Max 2 - 1981
33183,Mad Max: Fury Road - 2015
33184,Three Thousand Years of Longing - 2022
33493,Jaws 2 - 1978
33533,Airport '77 - 1977
33580,The Lord of the Rings - 1978
33676,Harry Potter and the Goblet of Fire - 2005
33677,Prince of Persia: The Sands of Time - 2010
33687,A Nightmare on Elm Street - 1984
33695,Scream - 1996
33696,Scream 2 - 1997
33697,Scream 3 - 2000
33699,Cursed - 2005
33702,Scream 4 - 2011
33718,Romancing the Stone - 1984
33719,Back to the Future - 1985
33720,Who Framed Roger Rabbit - 1988
33721,Back to the Future Part II - 1989
33724,Forrest Gump - 1994
33725,Contact - 1997
33727,Cast Away - 2000
33728,The Polar Express - 2004
33729,Beowulf - 2007
33730,The Witches - 2020
33731,A Christmas Carol - 2009
33733,Flight - 2012
33737,Pinocchio - 2022
33777,Meng long guo jiang - 1972
34032,My Girl - 1991
34225,Ghostbusters - 1984
34227,Twins - 1988
34228,Ghostbusters II - 1989
34230,Dave - 1993
34235,Evolution - 2001
34237,No Strings Attached - 2011
34252,The Bone Collector - 1999
34257,Salt - 2010
34293,Conan the Barbarian - 1982
34294,Red Dawn - 1984
34396,Prom Night - 1980
34551,Teppôdama no bigaku - 1973
34601,Hellraiser - 1987
34639,GoldenEye - 1995
34640,The Mask of Zorro - 1998
34643,Casino Royale - 2006
34644,The Legend of Zorro - 2005
34645,Green Lantern - 2011
34646,Memory - 2022
34648,The Foreigner - 2017
34649,The Protégé - 2021
34670,What's Eating Gilbert Grape - 1993
34679,Hachi: A Dog's Tale - 2009
34682,A Dog's Purpose - 2017
34784,Hard Target - 1993
34786,Face/Off - 1997
34787,Mission: Impossible II - 2000
34965,Appassionata - 1974
35139,Emmanuelle - 1974
35140,Histoire d'O - 1975
35442,Platoon - 1986
35449,Heaven & Earth - 1993
35455,Alexander - 2004
35508,The Texas Chain Saw Massacre - 1974
35511,Poltergeist - 1982
35603,Falling Down - 1993
35605,Batman Forever - 1995
35606,A Time to Kill - 1996
35613,The Phantom of the Opera - 2004
35679,Friday the 13th: The Final Chapter - 1984
35734,Grease - 1978
35735,The Blue Lagoon - 1980
35779,Gui hua hu - 1991
35968,The Warriors - 1979
35982,Undisputed - 2002
35984,Dead for a Dollar - 2022
36072,Il paramedico - 1982
36114,Downton Abbey: A New Era - 2022
36804,La piel que habito - 2011
36815,L'amant - 1992
36818,Enemy at the Gates - 2001
36821,Notre-Dame brûle - 2022
36845,Nymphomaniac: Vol. II - 2013
36942,Las edades de Lulú - 1990
36943,Jamón Jamón - 1992
37017,The Bodyguard - 1992
37088,Tendres cousines - 1980
37254,Alien - 1979
37255,Blade Runner - 1982
37263,Gladiator - 2000
37265,Black Hawk Down - 2001
37266,Kingdom of Heaven - 2005
37270,American Gangster - 2007
37271,Robin Hood - 2010
37272,House of Gucci - 2021
37274,Prometheus - 2012
37275,Exodus: Gods and Kings - 2014
37277,Alien: Covenant - 2017
37278,The Martian - 2015
37279,The Last Duel - 2021
37329,Clueless - 1995
37350,Scent of a Woman - 1992
37351,Meet Joe Black - 1998
37403,The Evil Dead - 1981
37405,Evil Dead II - 1987
37407,Army of Darkness - 1992
37411,Spider-Man - 2002
37413,Spider-Man 2 - 2004
37414,Spider-Man 3 - 2007
37415,Drag Me to Hell - 2009
37416,Oz the Great and Powerful - 2013
37417,Doctor Strange in the Multiverse of Madness - 2022
37426,Twelve Monkeys - 1995
37427,Fear and Loathing in Las Vegas - 1998
37428,The Brothers Grimm - 2005
37552,Body Snatchers - 1993
37754,Species - 1995
37757,The Bank Job - 2008
37760,Seeking Justice - 2011
37873,She's All That - 1999
38147,Day of the Woman - 1978
38211,Rocky II - 1979
38212,Rocky III - 1982
38214,Rocky IV - 1985
38215,Rambo - 2008
38216,Rocky Balboa - 2006
38217,The Expendables - 2010
38232,Piranha - 1978
38234,Gremlins - 1984
38348,The Fugitive - 1993
38353,Holes - 2003
38371,Bound by Honor - 1993
38373,The Devil's Advocate - 1997
38375,Ray - 2004
38377,Parker - 2013
38388,Za reipu - 1982
38475,Bachelor Party - 1984
38481,Tron - 1982
38529,Star Wars: Episode VI - Return of the Jedi - 1983
38800,Shi er shengxiao - 2012
38808,Kama Sutra: A Tale of Love - 1996
38819,Heat - 1995
38822,Collateral - 2004
38824,Public Enemies - 2009
38825,Blackhat - 2015
38859,Cujo - 1983
39013,Rupan sansei: Kariosutoro no shiro - 1979
39014,Kaze no tani no Naushika - 1984
39015,Tenkû no shiro Rapyuta - 1986
39016,Tonari no Totoro - 1988
39017,Majo no takkyûbin - 1989
39018,Kurenai no buta - 1992
39019,Mononoke-hime - 1997
39020,Sen to Chihiro no kamikakushi - 2001
39021,Hauru no ugoku shiro - 2004
39023,Gake no ue no Ponyo - 2008
39024,Kaze tachinu - 2013
39089,Free Willy - 1993
39316,National Lampoon's Vacation - 1983
39318,Groundhog Day - 1993
39322,Bedazzled - 2000
39422,Alien Resurrection - 1997
39423,Le fabuleux destin d'Amélie Poulain - 2001
39427,The Young and Prodigious T.S. Spivet - 2013
39429,Flashdance - 1983
39431,Fatal Attraction - 1987
39433,Indecent Proposal - 1993
39434,Lolita - 1997
39435,Unfaithful - 2002
39436,Deep Water - 2022
39569,Bride of Chucky - 1998
39571,Freddy vs. Jason - 2003
39621,Mr. Nobody - 2009
39666,The Exorcist III - 1990
39682,A River Runs Through It - 1992
39749,Dirty Dancing - 1987
39831,xXx - 2002
39832,Stealth - 2005
39833,The Mummy: Tomb of the Dragon Emperor - 2008
39870,Tomorrow Never Dies - 1997
40027,Léon - 1994
40028,Le cinquième élément - 1997
40029,Joan of Arc - 1999
40030,Arthur et les Minimoys - 2006
40037,Valerian and the City of a Thousand Planets - 2017
40039,Lucy - 2014
40040,Anna - 2019
40052,Silverado - 1985
40195,The Beverly Hillbillies - 1993
40196,The Little Rascals - 1994
40274,Octopussy - 1983
40275,A View to a Kill - 1985
40276,The Living Daylights - 1987
40330,Friday the 13th Part 2 - 1981
40331,Friday the 13th Part III - 1982
40334,Warlock - 1989
40596,Yuk po tuen: Tau ching bo gam - 1991
40648,The Nightmare Before Christmas - 1993
40649,James and the Giant Peach - 1996
40651,Coraline - 2009
40652,Wendell & Wild - 2022
40794,Airplane II: The Sequel - 1982
40802,A Nightmare on Elm Street Part 2: Freddy's Revenge - 1985
40819,Interview with the Vampire: The Vampire Chronicles - 1994
40830,Marlowe - 2022
40889,Liu jai yim taam - 1990
40962,Rain Man - 1988
40995,The Power of the Dog - 2021
41028,The Lucky One - 2012
41032,Tom and Jerry: Cowboy Up! - 2021
41045,La riffa - 1991
41057,Legends of the Fall - 1994
41060,The Last Samurai - 2003
41061,Blood Diamond - 2006
41062,Love & Other Drugs - 2010
41066,Jack Reacher: Never Go Back - 2016
41084,Child's Play 3 - 1991
41287,Seinto Seiya: Saishu Seisen no Senshi-tachi - 1989
41414,Dennis the Menace - 1993
41452,Beetlejuice - 1988
41453,Batman - 1989
41454,Edward Scissorhands - 1990
41455,Batman Returns - 1992
41457,Mars Attacks! - 1996
41458,Planet of the Apes - 2001
41459,Sleepy Hollow - 1999
41461,Charlie and the Chocolate Factory - 2005
41462,Sweeney Todd: The Demon Barber of Fleet Street - 2007
41463,Alice in Wonderland - 2010
41464,Dark Shadows - 2012
41466,Frankenweenie - 2012
41467,Miss Peregrine's Home for Peculiar Children - 2016
41469,Dumbo - 2019
41492,Bai she chuan shuo - 2011
41509,Pretty Woman - 1990
41515,The Princess Diaries - 2001
41517,The Princess Diaries 2: Royal Engagement - 2004
41659,Selena - 1997
41739,A Cinderella Story - 2004
41750,Top Gun - 1986
41754,The Last Boy Scout - 1991
41755,True Romance - 1993
41758,Enemy of the State - 1998
41761,Man on Fire - 2004
41763,Deja Vu - 2006
41764,Unstoppable - 2010
41810,Inside Man - 2006
41858,Elizabeth - 1998
41861,What's Love Got to Do with It? - 2022
42066,As Good as It Gets - 1997
42117,La vita è bella - 1997
42144,Kôkaku kidôtai - 1995
42159,The Shawshank Redemption - 1994
42160,The Green Mile - 1999
42162,The Mist - 2007
42213,In Hell - 2003
42264,Stargate - 1994
42265,Independence Day - 1996
42266,Godzilla - 1998
42267,The Patriot - 2000
42268,The Day After Tomorrow - 2004
42269,"10,000 BC - 2008"
42270,2012 - 2009
42272,Independence Day: Resurgence - 2016
42273,White House Down - 2013
42275,Moonfall - 2022
42276,Midway - 2019
42343,Coach Carter - 2005
42353,Children of the Corn - 1984
42405,Teenage Mutant Ninja Turtles - 1990
42488,Peter Pan - 2003
42489,Confessions of a Shopaholic - 2009
42741,The Indian in the Cupboard - 1995
42826,Police Academy - 1984
42831,Blast from the Past - 1999
42850,Matilda - 1996
42854,Highlander - 1986
42866,Teen Wolf: The Movie - 2023
42951,The Breakfast Club - 1985
42953,Ferris Bueller's Day Off - 1986
42956,Uncle Buck - 1989
43007,The Terminator - 1984
43008,Aliens - 1986
43009,The Abyss - 1989
43010,Terminator 2: Judgment Day - 1991
43011,True Lies - 1994
43012,Titanic - 1997
43014,Avatar - 2009
43015,Avatar: The Way of Water - 2022
43020,Stand by Me - 1986
43022,When Harry Met Sally... - 1989
43024,A Few Good Men - 1992
43031,Flipped - 2010
43032,The Bucket List - 2007
43068,What Dreams May Come - 1998
43164,He's Just Not That Into You - 2009
43229,Nuovo Cinema Paradiso - 1988
43233,La leggenda del pianista sull'oceano - 1998
43234,Malèna - 2000
43239,Ennio - 2021
43270,Clue - 1985
43377,Robin Hood: Prince of Thieves - 1991
43379,Waterworld - 1995
43381,The Count of Monte Cristo - 2002
43383,Risen - 2016
43398,Child's Play - 1988
43414,Nekeddo burâddo: Megyaku - 1996
43475,Pik lik foh - 1995
43688,Good Will Hunting - 1997
43692,Elephant - 2003
43856,The Return of the Living Dead - 1985
43987,Teen Wolf - 1985
44136,Entrapment - 1999
44137,The Core - 2003
44180,Asfour Stah - 1990
44222,Red Corner - 1997
44237,Maison de retraite - 2022
44300,101 Dalmatians - 1996
44307,Dog Gone - 2023
44397,Jason Lives: Friday the 13th Part VI - 1986
44410,Halloween 4: The Return of Michael Myers - 1988
44516,Big - 1988
44518,A League of Their Own - 1992
44528,Die Hard 2 - 1990
44529,Cliffhanger - 1993
44646,Primal Fear - 1996
44648,Frequency - 2000
44695,Toy Story - 1995
44756,Predator - 1987
44757,Die Hard - 1988
44758,The Hunt for Red October - 1990
44760,Last Action Hero - 1993
44761,Die Hard with a Vengeance - 1995
44849,The Replacements - 2000
44894,Kanojo - 2021
44981,A Dog's Way Home - 2019
44985,Friday the 13th Part VII: The New Blood - 1988
45013,Gekijôban Poketto Monsutâ: Myûtsû no Gyakushû - 1998
45014,Gekijôban Poketto Monsutâ Maboroshi no Pokemon Rugia Bakutan - 1999
45015,Gekijôban Poketto Monsutâ Kesshôtô no Teiô Entei - 2000
45016,Gekijôban Poketto Monsutâ Adobansu Jenerêshon: Rekkû no hômonsha Deokishisu - 2004
45017,Gekijôban Poketto Monsutâ Adobansu Jenerêshon: Myû to hadô no yûsha Rukario - 2005
45020,Gekijô ban poketto monsutâ: Daiamondo pâru - Diaruga vs Parukia vs Dâkurai - 2007
45021,Gekijôban poketto monsutâ: Daiyamondo & pâru purachina - Aruseusu chôkoku no jikû e - 2009
45030,Pokemon za mûbî XY: Ringu no chômajin Fûpa - 2015
45031,Pokemon za mubi XY& Z 'borukenion to kiko (karakuri) no magiana - 2016
45032,Pokémon the Movie: I Choose You - 2017
45057,Seventh Son - 2014
45093,Not Another Teen Movie - 2001
45107,Home Alone 2: Lost in New York - 1992
45110,Stepmom - 1998
45111,Bicentennial Man - 1999
45112,Harry Potter and the Sorcerer's Stone - 2001
45114,Harry Potter and the Chamber of Secrets - 2002
45115,Percy Jackson & the Olympians: The Lightning Thief - 2010
45116,"I Love You, Beth Cooper - 2009"
45118,Pixels - 2015
45173,Braindead - 1992
45176,The Lord of the Rings: The Fellowship of the Ring - 2001
45177,The Lord of the Rings: The Return of the King - 2003
45178,The Lord of the Rings: The Two Towers - 2002
45179,King Kong - 2005
45180,The Lovely Bones - 2009
45181,The Hobbit: An Unexpected Journey - 2012
45182,The Hobbit: The Desolation of Smaug - 2013
45184,The Hobbit: The Battle of the Five Armies - 2014
45405,The Water Horse - 2007
45440,Trigger Point - 2021
45534,The Great Wall - 2016
45535,Manjianghong - 2023
45577,Sneakers - 1992
45600,Heung Gong kei on: Keung gaan - 1993
45639,Yi boh lai beng duk - 1996
45761,Mannequin - 1987
45790,Kyaputen Hârokku - 2013
45820,Point Break - 1991
45824,The Hurt Locker - 2008
45839,The Mask - 1994
45840,Eraser - 1996
45842,The Scorpion King - 2002
45878,Birkebeinerne - 2016
45958,Pet Sematary - 1989
45973,The Twilight Saga: Breaking Dawn - Part 2 - 2012
45975,Beauty and the Beast - 2017
45999,John Carter - 2012
46000,WALL·E - 2008
46006,Poison Ivy - 1992
46054,Gridiron Gang - 2006
46201,Tremors - 1990
46252,Une vraie jeune fille - 1976
46253,Romance - 1999
46269,Akira - 1988
46297,RED 2 - 2013
46344,Hot Shots! - 1991
46345,Hot Shots! Part Deux - 1993
46352,Child's Play 2 - 1990
46391,El infierno - 2010
46392,¡Que viva México! - 2023
46448,Powder - 1995
46450,Jeepers Creepers - 2001
46451,Jeepers Creepers 2 - 2003
46537,Jûbê ninpûchô - 1993
46660,Lawless - 2012
46712,Scary Movie - 2000
46713,Scary Movie 2 - 2001
46714,White Chicks - 2004
46736,Before Sunrise - 1995
46741,School of Rock - 2003
46758,Gladiator - 1992
46794,Shin kyûseishu densetsu Hokuto no Ken: Raô den - Gekitô no shô - 2007
46948,Ri¢hie Ri¢h - 1994
46951,Miss Congeniality - 2000
46952,How to Lose a Guy in 10 Days - 2003
46957,The Naked Gun: From the Files of Police Squad! - 1988
46958,The Naked Gun 2½: The Smell of Fear - 1991
46961,Scary Movie 3 - 2003
46962,Scary Movie 4 - 2006
47000,Deep Impact - 1998
47077,Rambo III - 1988
47181,FernGully: The Last Rainforest - 1992
47207,Terminator Genisys - 2015
47208,Thor: The Dark World - 2013
47209,The Many Saints of Newark - 2021
47296,Warlock: The Armageddon - 1993
47324,Chung Hing sam lam - 1994
47327,Fa yeung nin wah - 2000
47454,Terminator 3: Rise of the Machines - 2003
47455,Surrogates - 2009
47530,Deep Rising - 1998
47531,The Mummy - 1999
47532,The Mummy Returns - 2001
47533,Van Helsing - 2004
47534,G.I. Joe: The Rise of Cobra - 2009
47535,Odd Thomas - 2013
47578,13 Going on 30 - 2004
47579,Charlotte's Web - 2006
47581,Bride Wars - 2009
47701,The Secret Life of Walter Mitty - 2013
47702,Tropic Thunder - 2008
47811,Thor - 2011
47813,Jack Ryan: Shadow Recruit - 2014
47815,Cinderella - 2015
47818,Murder on the Orient Express - 2017
47819,Death on the Nile - 2022
47830,On a Wing and a Prayer - 2023
47831,Soul Surfer - 2011
47848,Captain America: The First Avenger - 2011
47849,The Wolfman - 2010
47883,Joy Ride - 2001
47912,Space Jam - 1996
47980,Get Rich or Die Tryin' - 2005
47981,Brothers - 2009
48001,Predator 2 - 1990
48008,The Reaping - 2007
48023,Miss Congeniality 2: Armed and Fabulous - 2005
48090,Padre no hay más que uno 3 - 2022
48099,The Bourne Supremacy - 2004
48100,The Bourne Ultimatum - 2007
48104,Jason Bourne - 2016
48140,Singles - 1992
48213,Return of the Living Dead III - 1993
48242,The Crow - 1994
48243,Dark City - 1998
48245,"I, Robot - 2004"
48246,Knowing - 2009
48247,Gods of Egypt - 2016
48264,Superbad - 2007
48266,Paul - 2011
48278,1408 - 2007
48279,Outside the Wire - 2021
48281,The Rite - 2011
48282,Escape Plan - 2013
48344,Gekijô-ban Naruto: Daikatsugeki! Yukihime ninpôchô dattebayo!! - 2004
48382,Mit moon cham on 2: Che chung - 1994
48390,"Sex, Lies, and Videotape - 1989"
48398,Traffic - 2000
48399,Erin Brockovich - 2000
48400,Ocean's Eleven - 2001
48403,Ocean's Twelve - 2004
48407,Ocean's Thirteen - 2007
48415,Kimi - 2022
48416,Haywire - 2011
48417,Contagion - 2011
48418,Magic Mike's Last Dance - 2023
48419,Magic Mike - 2012
48421,Logan Lucky - 2017
48555,Dances with Wolves - 1990
48726,Ghost - 1990
48766,Wild Things - 1998
48810,One Day - 2011
48832,Lionheart - 1990
48833,Double Impact - 1991
48839,An Interview with God - 2018
48874,Ging chaat goo si III: Chiu kup ging chaat - 1992
48876,Hung fan kui - 1995
48922,Night of the Living Dead - 1990
48968,You Don't Mess with the Zohan - 2008
48970,Grown Ups - 2010
48971,Just Go with It - 2011
48972,Grown Ups 2 - 2013
49031,Rou pu tuan - 1987
49033,Fu shi feng qing hui - 1987
49071,Baby's Day Out - 1994
49097,Goal! - 2005
49129,The Kid - 2000
49130,National Treasure - 2004
49131,National Treasure: Book of Secrets - 2007
49132,The Sorcerer's Apprentice - 2010
49134,The Meg - 2018
49145,San ging chaat goo si - 2004
49234,Rush Hour - 1998
49236,Rush Hour 2 - 2001
49238,Rush Hour 3 - 2007
49239,After the Sunset - 2004
49241,Tower Heist - 2011
49242,Hercules - 2014
49292,The Addams Family - 1991
49293,Addams Family Values - 1993
49296,Men in Black - 1997
49298,Men in Black II - 2002
49300,RV - 2006
49301,Men in Black³ - 2012
49394,Garfield: The Movie - 2004
49441,Metegol - 2013
49457,Boyz n the Hood - 1991
49480,Ranma ½: Chûgoku Nekonron daikessen! Okite yaburi no gekitô hen - 1991
49600,Ace Ventura: Pet Detective - 1994
49605,Bruce Almighty - 2003
49606,Evan Almighty - 2007
49608,Brian Banks - 2018
49612,A Babysitter's Guide to Monster Hunting - 2020
49616,Bird Box - 2018
49698,Into the Wild - 2007
49742,3096 Tage - 2013
49809,Selena Gomez: My Mind & Me - 2022
49911,Office Space - 1999
49912,Idiocracy - 2006
49927,The Karate Kid - 2010
49929,The Mortal Instruments: City of Bones - 2013
49956,Beethoven - 1992
50052,Tempête - 2022
50124,Gokudô kisha 2: Baken tensei hen - 1994
50137,Children of Men - 2006
50138,Y tu mamá también - 2001
50139,Harry Potter and the Prisoner of Azkaban - 2004
50140,Gravity - 2013
50199,Cold Mountain - 2003
50235,Lucía y el sexo - 2001
50238,Habitación en Roma - 2010
50268,The Devil Wears Prada - 2006
50269,Marley & Me - 2008
50274,Jerry & Marge Go Large - 2022
50291,The Change-Up - 2011
50292,The Judge - 2014
50310,Homefront - 2013
50315,Alien³ - 1992
50316,Se7en - 1995
50317,The Game - 1997
50318,Fight Club - 1999
50320,The Curious Case of Benjamin Button - 2008
50321,Zodiac - 2007
50324,The Social Network - 2010
50325,The Girl with the Dragon Tattoo - 2011
50326,Gone Girl - 2014
50363,I Spit on Your Grave III: Vengeance Is Mine - 2015
50385,The Boy in the Striped Pajamas - 2008
50468,A Perfect Ending - 2012
50510,Hellboy - 2004
50511,Blade II - 2002
50514,El laberinto del fauno - 2006
50515,Pacific Rim - 2013
50516,Crimson Peak - 2015
50517,The Shape of Water - 2017
50518,Nightmare Alley - 2021
50535,Ninja - 2009
50538,Ninja: Shadow of a Tear - 2013
50548,Hitch - 2005
50582,Blue Streak - 1999
50669,Riddick - 2013
50755,Ranma ½: Kessen Tôgenkyô! Hanayome o torimodose!! - 1992
50867,Desperado - 1995
50868,From Dusk Till Dawn - 1996
50870,Spy Kids - 2001
50872,Spy Kids 2: Island of Lost Dreams - 2002
50875,Alita: Battle Angel - 2019
50877,Planet Terror - 2007
50883,Hypnotic - 2023
50961,Hocus Pocus - 1993
50999,Doctor Dolittle - 1998
51054,The Sixth Sense - 1999
51055,Unbreakable - 2000
51056,Signs - 2002
51061,Old - 2021
51062,Knock at the Cabin - 2023
51065,The Visit - 2015
51066,Split - 2016
51067,Glass - 2019
51073,Secretary - 2002
51103,Reservoir Dogs - 1992
51104,Pulp Fiction - 1994
51106,Kill Bill: Vol. 1 - 2003
51108,Inglourious Basterds - 2009
51109,Kill Bill: Vol. 2 - 2004
51111,Django Unchained - 2012
51112,The Hateful Eight - 2015
51114,Once Upon a Time in... Hollywood - 2019
51246,Romeo + Juliet - 1996
51249,The Great Gatsby - 2013
51250,Elvis - 2022
51283,You've Got Mail - 1998
51304,Tár - 2022
51314,Hulk - 2003
51315,Brokeback Mountain - 2005
51316,Life of Pi - 2012
51318,Gemini Man - 2019
51425,Notting Hill - 1999
51443,Trainspotting - 1996
51446,28 Days Later - 2002
51478,Veneciafrenia - 2021
51479,El cuarto pasajero - 2022
51491,The Loft - 2014
51637,Gekijô-ban - Bishôjo senshi Sêrâ Mûn R - 1993
51674,A Bronx Tale - 1993
51716,Gone Mom - 2021
51734,Dong bat chu dik fung ching - 1993
51749,Demolition Man - 1993
51856,Riri Shushu no subete - 2001
51912,Old School - 2003
51915,The Hangover - 2009
51917,Due Date - 2010
51918,The Hangover Part II - 2011
51919,The Hangover Part III - 2013
51920,War Dogs - 2016
51921,Joker - 2019
51996,Gone in Sixty Seconds - 2000
51999,Season of the Witch - 2011
52058,Braveheart - 1995
52059,The Passion of the Christ - 2004
52060,Apocalypto - 2006
52061,Hacksaw Ridge - 2016
52090,Kâdokaputâ Sakura: Fûin sareta kâdo - 2000
52205,The Usual Suspects - 1995
52209,Superman Returns - 2006
52210,Valkyrie - 2008
52211,Jack the Giant Slayer - 2013
52212,Bohemian Rhapsody - 2018
52213,X-Men: Days of Future Past - 2014
52214,X-Men: Apocalypse - 2016
52259,The Sandlot - 1993
52273,Cold Pursuit - 2019
52282,Sang gong lau yin - 1993
52403,Perfume: The Story of a Murderer - 2006
52448,Blow - 2001
52623,Gekijô-ban - Bishôjo senshi Sêrâ Mûn S - 1994
52624,Bishôjo senshi Sêrâ Mûn super S: Sêrâ 9 senshi shûketsu! Burakku dorîmu hôru no kiseki - 1995
52643,Fantastic Mr. Fox - 2009
52645,Asteroid City - 2023
52647,The Grand Budapest Hotel - 2014
52649,"The French Dispatch of the Liberty, Kansas Evening Sun - 2021"
52708,Zack and Miri Make a Porno - 2008
52746,Blade - 1998
52747,The League of Extraordinary Gentlemen - 2003
52779,Druk - 2020
52780,Jagten - 2012
52844,Remember the Titans - 2000
52848,Safe - 2012
52873,The Bourne Identity - 2002
52874,Mr. & Mrs. Smith - 2005
52875,Jumper - 2008
52878,Edge of Tomorrow - 2014
52879,Chaos Walking - 2021
52883,American Made - 2017
52884,The Wall - 2017
53065,Armageddon Time - 2022
53067,The Lost City of Z - 2016
53144,Naked Gun 33 1/3: The Final Insult - 1994
53148,Anger Management - 2003
53149,50 First Dates - 2004
53150,The Longest Yard - 2005
53151,Get Smart - 2008
53179,Outlander - 2008
53199,Along Came a Spider - 2001
53200,Die Another Day - 2002
53202,Next - 2007
53336,Centauro - 2022
53381,Mortal Kombat - 1995
53382,Event Horizon - 1997
53384,Resident Evil - 2002
53385,AVP: Alien vs. Predator - 2004
53386,Death Race - 2008
53388,The Three Musketeers - 2011
53392,Monster Hunter - 2020
53423,Amsterdam - 2022
53424,Silver Linings Playbook - 2012
53426,American Hustle - 2013
53428,Speed - 1994
53455,Mortdecai - 2015
53456,You Should Have Left - 2020
53582,I Know What You Did Last Summer - 1997
53691,Bad Boys - 1995
53692,The Rock - 1996
53693,Armageddon - 1998
53694,Bad Boys II - 2003
53695,Pearl Harbor - 2001
53696,The Island - 2005
53697,Transformers - 2007
53698,Transformers: Revenge of the Fallen - 2009
53699,Transformers: Dark of the Moon - 2011
53700,Pain & Gain - 2013
53701,Transformers: Age of Extinction - 2014
53702,Transformers: The Last Knight - 2017
53703,13 Hours: The Secret Soldiers of Benghazi - 2016
53704,Ambulance - 2022
53705,6 Underground - 2019
53716,The Time Machine - 2002
53717,Mars Needs Moms - 2011
53728,The Basketball Diaries - 1995
53816,Casper - 1995
53819,A Series of Unfortunate Events - 2004
53846,Warrior - 2011
53848,The Accountant - 2016
53853,Ant-Man - 2015
53854,Yes Man - 2008
53855,Ant-Man and the Wasp: Quantumania - 2023
53856,Ant-Man and the Wasp - 2018
53880,Silent Hill - 2006
53881,La belle et la bête - 2014
53911,Blood - 2022
53913,Stonehearst Asylum - 2014
53914,The Call - 2013
53916,Fractured - 2019
54031,The Perks of Being a Wallflower - 2012
54032,Wonder - 2017
54038,Friday - 1995
54042,The Italian Job - 2003
54044,Law Abiding Citizen - 2009
54045,Straight Outta Compton - 2015
54047,Men in Black: International - 2019
54048,The Fate of the Furious - 2017
54099,Enchanted - 2007
54113,Radio - 2003
54122,A Good Day to Die Hard - 2013
54209,White Noise - 2022
54298,Beurokeo - 2022
54353,Yip Man 3 - 2015
54355,Mighty Morphin Power Rangers: The Movie - 1995
54358,Mimi wo sumaseba - 1995
54385,The Waterboy - 1998
54388,Click - 2006
54389,Blended - 2014
54409,Yuk po tuen II: Yuk lui sam ging - 1996
54414,Jin ping mei - 2008
54477,Johnny English Reborn - 2011
54503,Palmer - 2021
54561,The Next Three Days - 2010
54574,Lie with Me - 2005
54582,Men of Honor - 2000
54585,Faster - 2010
54684,Reijo niku-dorei - 1985
54837,Plane - 2023
54847,Luckiest Girl Alive - 2022
54930,"Madrid, 1987 - 2011"
54939,The Theory of Everything - 2014
54961,"South Park: Bigger, Longer & Uncut - 1999"
54972,Don't Be a Menace to South Central While Drinking Your Juice in the Hood - 1996
55011,Downsizing - 2017
55194,28 Weeks Later - 2007
55202,Star Trek: Nemesis - 2002
55277,No Escape - 2015
55278,"As Above, So Below - 2014"
55322,Final Destination 2 - 2003
55324,Snakes on a Plane - 2006
55326,The Final Destination - 2009
55355,American Psycho - 2000
55484,Passengers - 2016
55486,The Imitation Game - 2014
55567,Cloverfield - 2008
55569,The Batman - 2022
55570,Dawn of the Planet of the Apes - 2014
55571,War for the Planet of the Apes - 2017
55596,Dead Man Down - 2013
55601,Drive - 2011
55612,The Thing - 2011
55693,Star Trek: First Contact - 1996
55694,Star Trek: Insurrection - 1998
55715,Q - 2011
55717,Bordello of Blood - 1996
55726,The Others - 2001
55807,Peter von Kant - 2022
55812,Jeune et jolie - 2013
55819,John Q - 2002
55820,The Notebook - 2004
55822,My Sister's Keeper - 2009
55930,Alvin and the Chipmunks - 2007
55933,The SpongeBob Movie: Sponge on the Run - 2020
55939,The Pink Panther - 2006
55940,Real Steel - 2011
55941,Night at the Museum - 2006
55942,Night at the Museum: Battle of the Smithsonian - 2009
55946,The Adam Project - 2022
55947,Night at the Museum: Secret of the Tomb - 2014
55948,Deadpool & Wolverine - 2024
55949,Free Guy - 2021
55973,Austin Powers: International Man of Mystery - 1997
55975,Austin Powers: The Spy Who Shagged Me - 1999
55977,Meet the Fockers - 2004
55978,Austin Powers in Goldmember - 2002
56042,The Woman King - 2022
56059,The Emperor's New Groove - 2000
56060,Chicken Little - 2005
56084,Con Air - 1997
56086,Lara Croft: Tomb Raider - 2001
56088,The Mechanic - 2011
56090,The Expendables 2 - 2012
56091,Wild Card - 2015
56141,Astérix & Obélix : Mission Cléopâtre - 2002
56195,Rampage - 2009
56213,Whitney Houston: I Wanna Dance with Somebody - 2022
56245,Gattaca - 1997
56247,Lord of War - 2005
56248,The Host - 2013
56249,In Time - 2011
56251,Anon - 2018
56313,Scooby-Doo - 2002
56314,Scooby-Doo 2: Monsters Unleashed - 2004
56316,The Smurfs - 2011
56318,The Smurfs 2 - 2013
56325,Freaky Friday - 2003
56326,Mean Girls - 2004
56327,The Spiderwick Chronicles - 2008
56328,Just Like Heaven - 2005
56329,Ghosts of Girlfriends Past - 2009
56330,Mr. Popper's Penguins - 2011
56371,Kampen om Narvik - 2022
56464,Willy's Wonderland - 2021
56499,Annabelle - 2014
56502,The Silence - 2019
56505,The Ring - 2002
56506,Pirates of the Caribbean: The Curse of the Black Pearl - 2003
56507,Pirates of the Caribbean: Dead Man's Chest - 2006
56509,Pirates of the Caribbean: At World's End - 2007
56510,Rango - 2011
56511,The Lone Ranger - 2013
56561,Universal Soldier: Regeneration - 2009
56562,Sick - 2022
56566,Alone - 2020
56621,Training Day - 2001
56623,Tears of the Sun - 2003
56624,King Arthur - 2004
56626,The Equalizer - 2014
56627,Shooter - 2007
56629,Emancipation - 2022
56630,The Equalizer 3 - 2023
56631,Southpaw - 2015
56632,Olympus Has Fallen - 2013
56633,The Magnificent Seven - 2016
56634,The Equalizer 2 - 2018
56635,Infinite - 2021
56636,The Guilty - 2021
56658,Leap Year - 2010
56799,Sweetwater - 2023
56813,American History X - 1998
56815,Detachment - 2011
56820,Where the Wild Things Are - 2009
56822,Her - 2013
56833,Fantastic Four - 2005
56836,4: Rise of the Silver Surfer - 2007
56839,Tom and Jerry - 2021
56843,Ride Along 2 - 2016
56864,Freedom Writers - 2007
56869,Snatch - 2000
56872,Sherlock Holmes - 2009
56874,Wrath of Man - 2021
56875,Sherlock Holmes: A Game of Shadows - 2011
56876,The Man from U.N.C.L.E. - 2015
56877,King Arthur: Legend of the Sword - 2017
56878,The Covenant - 2023
56880,Aladdin - 2019
56881,Operation Fortune: Ruse de Guerre - 2023
56882,The Gentlemen - 2019
56884,We Were Soldiers - 2002
56886,Heaven Is for Real - 2014
56895,The Parent Trap - 1998
56900,The Intern - 2015
56901,Payback - 1999
56902,A Knight's Tale - 2001
56904,42 - 2013
56905,Legend - 2015
56911,The Hunger Games - 2012
56912,Ocean's Eight - 2018
56913,Quest for Camelot - 1998
56920,Me Time - 2022
56942,Bad Teacher - 2011
56943,Sex Tape - 2014
56944,Jumanji: Welcome to the Jungle - 2017
56945,Jumanji: The Next Level - 2019
57084,Lucky Number Slevin - 2006
57099,Tenshi no harawata: Akai inga - 1981
57140,No Good Deed - 2014
57263,Shaun of the Dead - 2004
57264,Hot Fuzz - 2007
57265,Scott Pilgrim vs. the World - 2010
57268,Baby Driver - 2017
57270,Last Night in Soho - 2021
57292,Splice - 2009
57302,Original Sin - 2001
57355,Hancock - 2008
57356,Lone Survivor - 2013
57357,Battleship - 2012
57358,Deepwater Horizon - 2016
57359,Mile 22 - 2018
57378,Jolt - 2021
57398,Ghost Rider - 2007
57399,Daredevil - 2003
57403,Love in the Villa - 2022
57503,Legally Blonde - 2001
57506,21 - 2008
57508,The Ugly Truth - 2009
57597,The Ultimate Gift - 2006
57598,The Mulligan - 2022
57655,Harry Potter and the Order of the Phoenix - 2007
57656,Harry Potter and the Half-Blood Prince - 2009
57657,The Legend of Tarzan - 2016
57658,Harry Potter and the Deathly Hallows - Part 1 - 2010
57659,Harry Potter and the Deathly Hallows - Part 2 - 2011
57661,Fantastic Beasts and Where to Find Them - 2016
57662,Fantastic Beasts: The Crimes of Grindelwald - 2018
57663,Fantastic Beasts: The Secrets of Dumbledore - 2022
57685,Sêrâ-fuku shikijô shiiku - 1982
57705,Ghostbusters - 2016
57707,The Heat - 2013
57709,The School for Good and Evil - 2022
57710,Spy - 2015
57764,The Iron Giant - 1999
57765,The Incredibles - 2004
57766,Mission: Impossible - Ghost Protocol - 2011
57767,Tomorrowland - 2015
57768,Incredibles 2 - 2018
57803,Jan Dara - 2001
57872,Dan Oniroku bara jigoku - 1980
57873,Kôkô kyôshi: Seijuku - 1985
57882,Chikubi ni piasu o shita onna - 1983
57884,Dan Oniroku hebi to muchi - 1986
58182,Pinocchio - 2019
58214,Jimmy Neutron: Boy Genius - 2001
58215,The Ant Bully - 2006
58236,Blood Red Sky - 2021
58257,Mechanic: Resurrection - 2016
58325,Ella Enchanted - 2004
58339,Polar - 2019
58365,Shut In - 2022
58367,Redeeming Love - 2022
58368,xXx: Return of Xander Cage - 2017
58369,I Am Number Four - 2011
58443,Mulan - 2020
58444,The Mother - 2023
58449,Black Swan - 2010
58451,The Whale - 2022
58452,Noah - 2014
58453,Mother! - 2017
58498,After We Collided - 2020
58499,Beautiful Disaster - 2023
58614,Spread - 2009
58619,Outlaw King - 2018
58702,Dragon Ball Z: Chikyû Marugoto Chôkessen - 1990
58703,Dragon Ball Z: Gekitotsu!! 100-oku Power no Senshi-tachi - 1992
58704,Doragon boru Z: konoyo de ichiban tsuyoi yatsu - 1990
58705,Doragon bôru Z: Kyokugen batoru!! San dai sûpâ saiyajin - 1992
58706,Doragon Bôru Majin-Jô no Nemuri Hime - 1987
58707,Dragon Ball: Shenron no Densetsu - 1986
58710,Dragon Ball Z: Super Senshi Gekiha!! Katsu No wa Ore da - 1994
58711,Dragon Ball Z: Ginga Giri-Giri!! Butchigiri no Sugoi Yatsu - 1993
58712,Dragon Ball Z: Fukkatsu no Fusion!! Gokuu to Vegeta - 1995
58713,Dragon Ball Z: Kiken na Futari! Super Senshi wa Nemurenai - 1994
58714,Dragon Ball Z: Moetsukiro!! Nessen Ressen Chô-Gekisen - 1993
58715,Doragon bôru: Saikyô e no michi - 1996
58716,Seinto Seiya: Kamigami no atsuki tatakai - 1988
58717,Seinto Seiya: Shinku no shônen densetsu - 1988
58718,Seinto Seiya: Tenkai-hen joso - Overture - 2004
58720,Doragon Bôru Zetto Ryû-Ken Bakuhatsu!! Gokû ga Yaraneba Dare ga Yaru - 1995
58721,Dragon Ball Z: Super Saiya-jin da Son Gokû - 1991
58722,Doragon bôru Zetto: Tobikkiri no Saikyô tai Saikyô - 1991
58724,One piece: Norowareta seiken - 2004
58834,The Dukes of Hazzard - 2005
58951,10 Things I Hate About You - 1999
59003,Die Schule der magischen Tiere - 2021
59010,The Mountain Between Us - 2017
59042,Gamgi - 2013
59080,The Pursuit of Happyness - 2006
59081,Seven Pounds - 2008
59084,Fathers & Daughters - 2015
59197,Memento - 2000
59199,Batman Begins - 2005
59200,The Dark Knight - 2008
59201,The Prestige - 2006
59202,Interstellar - 2014
59203,The Dark Knight Rises - 2012
59204,Inception - 2010
59205,Oppenheimer - 2023
59206,Dunkirk - 2017
59207,Tenet - 2020
59282,Dune: Part One - 2021
59284,Incendies - 2010
59285,Prisoners - 2013
59286,Dune: Part Two - 2024
59287,Blade Runner 2049 - 2017
59288,Enemy - 2013
59289,Arrival - 2016
59290,Sicario - 2015
59336,Im Westen nichts Neues - 2022
59354,Pâfekuto burû - 1997
59374,Irréversible - 2002
59419,Luther: The Fallen Sun - 2023
59495,The Outpost - 2019
59521,L'immensità - 2022
59540,Marie Antoinette - 2006
59620,Charlie's Angels - 2000
59622,Terminator Salvation - 2009
59624,The Babysitter: Killer Queen - 2020
59629,The Babysitter - 2017
59797,Tschick - 2016
59874,Orphan: First Kill - 2022
59927,The A-Team - 2010
59929,The Grey - 2011
59931,Copshop - 2021
59932,Boss Level - 2020
60079,Ghostbusters: Afterlife - 2021
60097,Stuart Little - 1999
60098,Stuart Little 2 - 2002
60100,Mr. Peabody & Sherman - 2014
60171,Wrong Turn - 2003
60195,Love Don't Cost a Thing - 2003
60208,Romeo Must Die - 2000
60211,Doom - 2005
60227,Before I Wake - 2016
60229,Ouija: Origin of Evil - 2016
60231,Doctor Sleep - 2019
60236,The Town - 2010
60237,Argo - 2012
60238,Air - 2023
60271,Nanny McPhee - 2005
60326,Bones and All - 2022
60332,Call Me by Your Name - 2017
60386,The Blind Side - 2009
60387,The Little Things - 2021
60388,Mr. Harrigan's Phone - 2022
60391,The Founder - 2016
60409,"My Sailor, My Love - 2022"
60425,Kono sekai no katasumi ni - 2016
60433,Paranormal Activity 2 - 2010
60480,Fences - 2016
60569,American Beauty - 1999
60571,Jarhead - 2005
60572,Revolutionary Road - 2008
60573,Skyfall - 2012
60575,Empire of Light - 2022
60576,Spectre - 2015
60577,1917 - 2019
60603,Gekijô-ban Naruto shippûden - 2007
60604,Gekijô ban Naruto: Shippûden - Kizuna - 2008
60607,Wan Pîsu Za Mûbî: Deddo Endo no Bôken - 2003
60672,Carrie - 2013
60687,My Name Is Khan - 2010
60718,Forever My Girl - 2018
60732,Matilda: The Musical - 2022
60834,Eiga: minna! Esupâ da yo! - 2015
60878,Blue Valentine - 2010
60913,Le pornographe - 2001
60999,Venus - 2022
61000,[Rec] 4: Apocalipsis - 2014
61002,Way Down - 2021
61025,Transporter 3 - 2008
61026,Taken 2 - 2012
61028,Colombiana - 2011
61029,Taken 3 - 2014
61043,Ender's Game - 2013
61092,Epic - 2013
61165,Triangle - 2009
61166,Consecration - 2023
61283,The Hills Have Eyes - 2006
61284,Piranha 3D - 2010
61285,Mirrors - 2008
61289,Crawl - 2019
61346,The Menu - 2022
61368,Qu'est-ce qu'on a tous fait au Bon Dieu ? - 2021
61406,Case 39 - 2009
61514,Drive Angry - 2011
61614,Gau wan ngoc mung - 1999
61733,Purple Hearts - 2022
61872,"Janghwa, Hongryun - 2003"
61911,Le petit prince - 2015
61947,The Old Ways - 2020
61957,Eiga Inuyasha Toki o Koeru Omoi - 2001
61958,Eiga Inuyasha Kagami no Naka no Mugenjô - 2002
61959,Eiga Inuyasha Tenka Hadô no Ken - 2003
61960,Eiga Inuyasha Guren no Hôraijima - 2004
61997,Palandaemun - 1998
62118,I Spit on Your Grave - 2010
62122,I Spit on Your Grave 2 - 2013
62128,No mires a los ojos - 2022
62146,Dan Oniroku OL nawa dorei - 1981
62252,Deuce Bigalow: Male Gigolo - 1999
62254,Sky High - 2005
62255,Shrek Forever After - 2010
62354,Final Destination - 2000
62355,The One - 2001
62356,Final Destination 3 - 2006
62370,Código Emperador - 2022
62387,Chestnut: Hero of Central Park - 2004
62615,To All the Boys I've Loved Before - 2018
62814,Jack Reacher - 2012
62815,Mission: Impossible - Rogue Nation - 2015
62816,Mission: Impossible - Fallout - 2018
62817,Mission: Impossible - Dead Reckoning Part One - 2023
62905,Manchester by the Sea - 2016
62947,Shôwa onnamichi: Rashômon - 1972
62996,Sûpâ Mario burazâzu: Pîchi-hime kyushutsu dai sakusen! - 1986
63017,Zankoku: Jokôsei marusei rinchi - 1975
63039,Predators - 2010
63194,Celda 211 - 2009
63203,The Reader - 2008
63321,Hidden Figures - 2016
63365,Memoirs of a Geisha - 2005
63367,Pirates of the Caribbean: On Stranger Tides - 2011
63369,Mary Poppins Returns - 2018
63370,The Little Mermaid - 2023
63401,The Debt Collector - 2018
63476,A Walk to Remember - 2002
63478,The Pacifier - 2005
63481,Bedtime Stories - 2008
63482,Rock of Ages - 2012
63483,Disenchanted - 2022
63501,Immortals - 2011
63503,Self/less - 2015
63513,Jennifer's Body - 2009
63525,Europa Report - 2013
63704,Let Him Go - 2020
63741,Gekijôban Tensei shitara slime datta ken - 2022
63754,The Exorcism of Emily Rose - 2005
63755,The Day the Earth Stood Still - 2008
63756,Doctor Strange - 2016
63757,Sinister - 2012
63759,The Black Phone - 2021
63919,Onna kyôshi: Yogoreta hôkago - 1981
63932,Bridge to Terabithia - 2007
64015,The Convent - 2000
64075,Iron Man - 2008
64076,Zathura: A Space Adventure - 2005
64077,Cowboys & Aliens - 2011
64078,Iron Man 2 - 2010
64080,The Jungle Book - 2016
64081,The Lion King - 2019
64100,Wild Hogs - 2007
64102,Clifford the Big Red Dog - 2021
64147,Eternal Sunshine of the Spotless Mind - 2004
64151,The Green Hornet - 2011
64275,Blonde - 2022
64282,The Last Witch Hunter - 2015
64328,47 Ronin - 2013
64339,Uncle Drew - 2018
64359,Life as We Know It - 2010
64397,9 - 2009
64400,Hana to hebi - 1974
64463,Dan Oniroku: Bikyoshi jigokuzeme - 1985
64565,Ofisu rabu: Mahiru no kinryôku - 1985
64631,La abuela - 2021
64663,World War Z - 2013
64664,Quantum of Solace - 2008
64666,Machine Gun Preacher - 2011
64668,Christopher Robin - 2018
64669,A Man Called Otto - 2022
64736,Dan Oniroku: Bijo nawa jigoku - 1983
64773,Yogen - 2004
64783,The Other Boleyn Girl - 2008
64853,State of Play - 2009
64991,The Tourist - 2010
65002,Mighty Morphin Power Rangers: Once & Always - 2023
65003,Goosebumps - 2015
65005,Pokémon: Detective Pikachu - 2019
65077,Hostel - 2005
65078,Hostel: Part II - 2007
65079,Death Wish - 2018
65082,The House with a Clock in Its Walls - 2018
65083,The Green Inferno - 2013
65092,The Forever Purge - 2021
65157,2 Guns - 2013
65158,Beast - 2022
65159,Contraband - 2012
65161,Everest - 2015
65190,Equilibrium - 2002
65193,Pride & Prejudice - 2005
65199,Pan - 2015
65231,Security - 2017
65315,American Pie 2 - 2001
65510,American Assassin - 2017
65533,Godmothered - 2020
65541,The Case for Christ - 2017
65640,Black Widow - 2021
65658,London Has Fallen - 2016
65672,Thir13en Ghosts - 2001
65673,Ghost Ship - 2002
65674,Amores perros - 2000
65679,The Revenant - 2015
65680,Birdman or (The Unexpected Virtue of Ignorance) - 2014
65686,Underworld: Rise of the Lycans - 2009
65733,Donnie Darko - 2001
65750,Diary of a Wimpy Kid - 2010
65751,Percy Jackson: Sea of Monsters - 2013
65783,Shot Caller - 2017
65784,Kandahar - 2023
65785,Angel Has Fallen - 2019
65786,Greenland - 2020
65791,Now & Later - 2011
65806,Speak No Evil - 2022
65820,Faraway - 2023
65905,Historias para no contar - 2022
65943,Sex rider: Nureta highway - 1971
65952,Trigun: Badlands Rumble - 2010
65960,Halloween - 2007
66078,Lamborghini: The Man Behind the Legend - 2022
66139,The Girl Next Door - 2004
66142,Let's Be Cops - 2014
66144,S.W.A.T. - 2003
66158,Lion - 2016
66159,Mary Magdalene - 2018
66199,How to Be Single - 2016
66202,"Love, Rosie - 2014"
66249,Passion simple - 2020
66312,The Texas Chainsaw Massacre: The Beginning - 2006
66314,Battle: Los Angeles - 2011
66315,Teenage Mutant Ninja Turtles - 2014
66316,Wrath of the Titans - 2012
66334,Ted - 2012
66335,A Million Ways to Die in the West - 2014
66336,Ted 2 - 2015
66345,Footloose - 2011
66346,Coming 2 America - 2021
66366,Dredd - 2012
66440,Remember Me - 2010
66443,Oldeuboi - 2003
66449,Heojil kyolshim - 2022
66451,Ah-ga-ssi - 2016
66486,UFC 288: Sterling vs. Cejudo - 2023
66531,Halloween Kills - 2021
66536,Halloween - 2018
66631,Jackass Forever - 2022
66781,The Man from Toronto - 2022
66783,The Hitman's Bodyguard - 2017
66784,The Expendables 3 - 2014
66785,Hitman's Wife's Bodyguard - 2021
66806,Blitz - 2011
66860,Dolittle - 2020
66872,Astérix & Obélix : L'empire du milieu - 2023
66925,The Whole Truth - 2021
66981,The Flash - 2023
66982,It - 2017
66983,Mama - 2013
66984,It Chapter Two - 2019
66986,Salinui chueok - 2003
66987,Gwoemul - 2006
66989,Snowpiercer - 2013
66990,Okja - 2017
66991,Gisaengchung - 2019
67044,Kiss of the Dragon - 2001
67051,Motherly - 2021
67074,Inexorable - 2021
67098,Legion - 2010
67102,Blade: Trinity - 2004
67118,Ritueel - 2022
67148,L'immortel - 2010
67191,The Ledge - 2022
67194,Mamma Mia! - 2008
67250,The Muppets - 2011
67252,Alice Through the Looking Glass - 2016
67253,Dora and the Lost City of Gold - 2019
67263,Z-O-M-B-I-E-S 3 - 2022
67464,The Simpsons Movie - 2007
67474,Walking Tall - 2004
67494,How High - 2001
67495,American Wedding - 2003
67509,The King's Speech - 2010
67516,War - 2007
67559,Mad Money - 2008
67590,Annapolis - 2006
67591,The Fast and the Furious: Tokyo Drift - 2006
67593,Fast & Furious - 2009
67594,Fast Five - 2011
67596,Star Trek Beyond - 2016
67597,F9 - 2021
67605,The Descent - 2005
67606,Doomsday - 2008
67610,Hellboy - 2019
67621,17 Again - 2009
67622,Pride and Prejudice and Zombies - 2016
67631,Mr In-Between - 2001
67640,Shottas - 2002
67654,Enola Holmes 2 - 2022
67655,Enola Holmes - 2020
67681,Wonder Woman - 2017
67682,Wonder Woman 1984 - 2020
67696,Overdose - 2022
67800,Rise of the Planet of the Apes - 2011
67812,Coherence - 2013
67858,R.M.N. - 2022
67899,If I Stay - 2014
67904,Wanted - 2008
67905,Abraham Lincoln: Vampire Hunter - 2012
67906,Ben-Hur - 2016
67919,Barbie in the Pink Shoes - 2013
68018,Gabriel's Inferno: Part Three - 2020
68027,Siu Lam juk kau - 2001
68028,Kung fu - 2004
68029,Cheung gong 7 hou - 2008
68041,R.I.P.D. - 2013
68043,RED - 2010
68044,Insurgent - 2015
68045,Allegiant - 2016
68047,Snake Eyes: G.I. Joe Origins - 2021
68080,La Exorcista - 2022
68117,The Game Plan - 2007
68121,One True Loves - 2023
68153,Godzilla: King of the Monsters - 2019
68159,Puss in Boots - 2011
68230,Troll - 2022
68231,Tomb Raider - 2018
68233,Bølgen - 2015
68285,After.Life - 2009
68341,Glass Onion - 2022
68342,Looper - 2012
68343,Star Wars: Episode VIII - The Last Jedi - 2017
68344,Knives Out - 2019
68388,Criminal - 2016
68477,El robo del siglo - 2020
68499,Hotel Transylvania - 2012
68500,Hotel Transylvania 2 - 2015
68501,Hotel Transylvania 3: Summer Vacation - 2018
68524,Melody Makers: Should've Been There - 2016
68538,A Monster Calls - 2016
68539,Jurassic World: Fallen Kingdom - 2018
68540,Mortal Kombat - 2021
68584,The Dark Tower - 2017
68629,Crayon Shin-chan: Densetsu wo yobu odore! Amîgo! - 2006
69004,Jungle - 2017
69104,The Possession of Hannah Grace - 2018
69108,Saek-jeuk-shi-gong - 2002
69111,Haeundae - 2009
69165,The F Word - 2013
69169,The Hot Chick - 2002
69184,Doragon Bôru Zetto Kami to Kami - 2013
69189,Final Destination 5 - 2011
69190,Into the Storm - 2014
69253,Dodgeball: A True Underdog Story - 2004
69255,Central Intelligence - 2016
69256,We're the Millers - 2013
69257,Skyscraper - 2018
69258,Red Notice - 2021
69366,Don't Let Go - 2019
69371,Greyhound - 2020
69479,Jurassic World - 2015
69482,Jurassic World Dominion - 2022
69506,The Cellar - 2022
69519,Sisu - 2022
69579,The Illusionist - 2006
69581,Limitless - 2011
69582,Divergent - 2014
69585,Voyagers - 2021
69596,Triangle of Sadness - 2022
69616,Hitman - 2007
69618,Cold Skin - 2017
69730,Skin - 2018
69874,Toki o kakeru shôjo - 2006
69876,Ryû to sobakasu no hime - 2021
69877,Samâ wôzu - 2009
69878,Ôkami kodomo no Ame to Yuki - 2012
69879,Bakemono no ko - 2015
69880,Mirai no Mirai - 2018
69897,Super - 2010
69898,Guardians of the Galaxy - 2014
69899,Guardians of the Galaxy Vol. 2 - 2017
69900,The Suicide Squad - 2021
69901,Guardians of the Galaxy Vol. 3 - 2023
69939,About Time - 2013
69965,Saw II - 2005
69966,Saw III - 2006
69967,Saw IV - 2007
69969,Spiral: From the Book of Saw - 2021
70077,To Catch a Killer - 2023
70078,Relatos salvajes - 2014
70083,Citadel - 2012
70089,The Hills Have Eyes II - 2007
70139,Mission: Impossible III - 2006
70140,Star Trek - 2009
70141,Star Trek Into Darkness - 2013
70142,Super 8 - 2011
70143,Star Wars: Episode VII - The Force Awakens - 2015
70144,Star Wars: Episode IX - The Rise of Skywalker - 2019
70195,Never Back Down - 2008
70196,The Curse of Bridge Hollow - 2022
70198,Kick-Ass 2 - 2013
70199,Truth or Dare - 2018
70241,The Dictator - 2012
70272,Martyrs - 2008
70274,Ghostland - 2018
70275,Underworld - 2003
70276,Live Free or Die Hard - 2007
70277,Underworld: Evolution - 2006
70278,Total Recall - 2012
70359,Eight for Silver - 2021
70376,Seinto Seiya: Jashin Erisu - 1987
70409,The Texas Chainsaw Massacre - 2003
70411,Friday the 13th - 2009
70412,Conan the Barbarian - 2011
70461,Gi-eok-ui bam - 2017
70520,Renfield - 2023
70521,The Lego Batman Movie - 2017
70522,The Tomorrow War - 2021
70540,Day Shift - 2022
70570,Hagane no Renkinjutsushi: Kanketsu-hen - Fukushusha Scar - 2022
70571,Hagane no Renkinjutsushi: Kanketsu-hen - Saigo no Rensei - 2022
70582,Thirteen - 2003
70585,Twilight - 2008
70586,Mafia Mamma - 2023
70630,Scoob! - 2020
70664,Unwelcome - 2022
70665,Grabbers - 2012
70735,Journey 2: The Mysterious Island - 2012
70736,San Andreas - 2015
70737,Rampage - 2018
70748,The Grudge - 2004
70776,The Punisher - 2004
70778,The Ice Road - 2021
70779,The Losers - 2010
70780,Stomp the Yard - 2007
70810,The Experiment - 2010
70839,The In Between - 2022
70850,SAS: Red Notice - 2021
70925,A Good Person - 2023
71063,47 Meters Down - 2017
71065,Resident Evil: Welcome to Raccoon City - 2021
71086,Sous emprise - 2022
71135,Stromboli - 2022
71145,Johnny English Strikes Again - 2018
71187,De piraten van hiernaast: De ninja's van de overkant - 2022
71248,Stillwater - 2021
71287,To All the Boys: Always and Forever - 2021
71288,To All the Boys: P.S. I Still Love You - 2020
71316,Transporter 2 - 2005
71317,The Incredible Hulk - 2008
71318,Clash of the Titans - 2010
71319,Loin du périph - 2022
71320,Now You See Me - 2013
71322,Fast X - 2023
71354,Jiu ceng yao ta - 2015
71372,Ice Age: The Meltdown - 2006
71373,Rio - 2011
71375,Rio 2 - 2014
71376,Ferdinand - 2017
71399,A Tourist's Guide to Love - 2023
71464,Blood and Bone - 2009
71493,Neko no ongaeshi - 2002
71544,The Maze Runner - 2014
71545,Maze Runner: The Scorch Trials - 2015
71546,Maze Runner: The Death Cure - 2018
71618,My Father's Dragon - 2022
71624,Nanny McPhee and the Big Bang - 2010
71627,Lui sik long - 1999
71649,Level 16 - 2018
71665,A Nightmare on Elm Street - 2010
71684,Miracles from Heaven - 2016
71858,Step Brothers - 2008
71859,Don't Look Up - 2021
71861,The Other Guys - 2010
71862,The Big Short - 2015
71967,Constantine - 2005
71968,I Am Legend - 2007
71969,The Hunger Games: The Ballad of Songbirds & Snakes - 2023
71971,Slumberland - 2022
71972,The Hunger Games: Catching Fire - 2013
71973,The Hunger Games: Mockingjay - Part 1 - 2014
71974,The Hunger Games: Mockingjay - Part 2 - 2015
71975,Red Sparrow - 2018
71995,Era ora - 2022
72014,The Lincoln Lawyer - 2011
72032,Without Remorse - 2021
72036,Sicario: Day of the Soldado - 2018
72042,The Good Neighbor - 2022
72074,Magic Mike XXL - 2015
72087,Step Up 2: The Streets - 2008
72088,Step Up 3D - 2010
72090,G.I. Joe: Retaliation - 2013
72092,Crazy Rich Asians - 2018
72093,Now You See Me 2 - 2016
72097,Aftermath - 2021
72132,Dawn of the Dead - 2004
72133,Watchmen - 2009
72134,300 - 2006
72135,Man of Steel - 2013
72136,Justice League - 2017
72137,Sucker Punch - 2011
72138,Army of the Dead - 2021
72139,Legend of the Guardians: The Owls of Ga'Hoole - 2010
72140,Zack Snyder's Justice League - 2021
72142,Batman v Superman: Dawn of Justice - 2016
72166,"The Chronicles of Narnia: The Lion, the Witch and the Wardrobe - 2005"
72167,The Chronicles of Narnia: Prince Caspian - 2008
72217,Jan Dara pathommabot - 2012
72262,Mat-iss-neun sek-seu keu-ri-go sa-lang - 2003
72300,A Walk Among the Tombstones - 2014
72352,Kompromat - 2022
72363,Gold - 2022
72392,The Science of Interstellar - 2014
72443,"Tangos, tequilas y algunas mentiras - 2023"
72486,Ong-Bak - 2003
72487,Tom yum goong - 2005
72530,Baywatch - 2017
72531,Horrible Bosses - 2011
72578,Byôsoku 5 senchimêtoru - 2007
72579,Suzume no Tojimari - 2022
72580,Hoshi o Ou Kodomo - 2011
72581,Koto no ha no niwa - 2013
72582,Kimi no na wa. - 2016
72583,Tenki no ko - 2019
72598,La cara oculta - 2011
72634,Child 44 - 2015
72636,Safe House - 2012
72638,Morbius - 2022
72639,Life - 2017
72680,Zombieland - 2009
72681,Venom - 2018
72683,Uncharted - 2022
72684,Zombieland: Double Tap - 2019
72701,Summit Fever - 2022
72727,Journey to the Center of the Earth - 2008
72750,Iron Man Three - 2013
72752,The Predator - 2018
72806,The Guest - 2014
72807,Godzilla vs. Kong - 2021
72816,Nacho Libre - 2006
72846,Astro Boy - 2009
72855,Stardust - 2007
72856,Kick-Ass - 2010
72859,Kingsman: The Secret Service - 2014
72860,Kingsman: The Golden Circle - 2017
72861,The King's Man - 2021
72873,Sin-gwa ham-kke: Jwi-wa beol - 2017
72874,Sin-gwa ham-kke: In-gwa yeon - 2018
72999,Gnomeo & Juliet - 2011
73000,UglyDolls - 2019
73001,Smurfs: The Lost Village - 2017
73010,So-won - 2013
73016,10 Cloverfield Lane - 2016
73017,Prey - 2022
73026,The Girl with All the Gifts - 2016
73063,Pete's Dragon - 2016
73091,Wreck-It Ralph - 2012
73125,Serenity - 2005
73126,The Avengers - 2012
73128,Avengers: Age of Ultron - 2015
73199,Vikingulven - 2022
73282,Disobedience - 2017
73284,The Wonder - 2022
73380,The Help - 2011
73382,The Girl on the Train - 2016
73385,Ava - 2020
73429,The Amityville Horror - 2005
73469,Cirque du Freak: The Vampire's Assistant - 2009
73478,The Tournament - 2009
73479,Fall - 2022
73483,It Follows - 2014
73519,Glory Road - 2006
73525,The Golden Compass - 2007
73532,Monster House - 2006
73534,A Boy Called Christmas - 2021
73542,Diario de una ninfómana - 2008
73606,X - 2022
73607,The Innkeepers - 2011
73608,Pearl - 2022
73615,Saw - 2004
73616,Dead Silence - 2007
73618,The Conjuring - 2013
73619,Aquaman - 2018
73620,Insidious - 2010
73621,Insidious: Chapter 2 - 2013
73622,Fast & Furious 7 - 2015
73623,The Conjuring 2 - 2016
73624,Malignant - 2021
73625,Aquaman and the Lost Kingdom - 2023
73627,Curse of Chucky - 2013
73628,Cult of Chucky - 2017
73635,Bleach: Memories of Nobody - 2006
73636,Gekijô ban Bleach: Za Daiyamondo Dasuto Reberion - Mô hitotsu no hyôrinmaru - 2007
73637,Gekijôban Burîchi: Feido to~u Burakku - Kimi no na o yobu - 2008
73659,Gekijô-ban Naruto Shippûden: Hi no ishi wo tsugu mono - 2009
73660,Gekijouban Naruto Shippuuden: Za rosuto tawâ - 2010
73661,Gekijouban Naruto: Buraddo purizun - 2011
73686,De uskyldige - 2021
73754,The Twilight Saga: Eclipse - 2010
73807,Primer - 2004
73825,Thor: Love and Thunder - 2022
73828,Jojo Rabbit - 2019
73829,Thor: Ragnarok - 2017
73947,Poker Face - 2022
74026,Meet the Robinsons - 2007
74033,The Last House on the Left - 2009
74050,Singkeuhol - 2021
74073,Revenge - 2017
74082,House of Wax - 2005
74083,Goal II: Living the Dream - 2007
74084,Jungle Cruise - 2021
74085,Orphan - 2009
74086,Unknown - 2011
74087,The Commuter - 2018
74088,Non-Stop - 2014
74089,Run All Night - 2015
74091,Black Adam - 2022
74131,Ta'igara: An Adventure in the Himalayas - 2022
74279,Pan-dola - 2016
74337,Spoiler Alert - 2022
74417,Burn Out - 2017
74428,Jeon Woochi - 2009
74429,Oegye+in 1bu - 2022
74440,The Wedding Ringer - 2015
74442,Murder Mystery 2 - 2023
74443,Los renglones torcidos de Dios - 2022
74445,Contratiempo - 2016
74505,Tetris - 2023
74508,Sin nombre - 2009
74510,Beasts of No Nation - 2015
74511,No Time to Die - 2021
74556,Goliath - 2022
74576,The 40 Year Old Virgin - 2005
74581,Trainwreck - 2015
74582,The King of Staten Island - 2020
74585,The Wild - 2006
74605,Nightbooks - 2021
74607,Brightburn - 2019
74696,Gekijouban Yuugiou: Chouyuugou! Jikuu o koeta kizuna - 2010
74841,Dans la brume - 2018
74895,The Takeover - 2022
74932,Taken - 2008
74933,From Paris with Love - 2010
74979,7-beon-bang-ui seon-mul - 2013
74991,Infiesto - 2023
75187,Les traducteurs - 2019
75237,Cruella - 2021
75284,Street Kings - 2008
75286,Suicide Squad - 2016
75290,Fury - 2014
75319,Ticket to Paradise - 2022
75414,Boze Cialo - 2019
75468,Facing the Giants - 2006
75469,Fireproof - 2008
75470,Courageous - 2011
75471,War Room - 2015
75472,Overcomer - 2019
75500,Deadpool - 2016
75501,Terminator: Dark Fate - 2019
75510,The Banshees of Inisherin - 2022
75551,Biohazard: Death Island - 2023
75588,Barbie Mariposa and the Fairy Princess - 2013
75670,Le visiteur du futur - 2022
75779,Do-ga-ni - 2011
75824,Murder Mystery - 2019
75864,The Age of Adaline - 2015
75880,The Forgiven - 2021
75913,V for Vendetta - 2005
75914,Ninja Assassin - 2009
75916,Survivor - 2015
75945,Borrego - 2022
75949,Toy Story 3 - 2010
75953,Gekijô-ban Naruto: Daikôfun! Mikazukijima no animaru panikku dattebayo! - 2006
75998,The Pope's Exorcist - 2023
76000,Overlord - 2018
76001,Samaritan - 2022
76035,Nam-gwa yeo - 2016
76066,Sonic the Hedgehog 2 - 2022
76067,Sonic the Hedgehog - 2020
76099,The Duff - 2015
76100,Goosebumps 2: Haunted Halloween - 2018
76125,Go! - 2020
76272,La niña de la comunión - 2022
76374,Papillon - 2017
76431,The X Files: I Want to Believe - 2008
76521,Point Break - 2015
76522,Togo - 2019
76526,Take the Lead - 2006
76539,Minions & More 1 - 2022
76540,Minions & More 2 - 2022
76547,The Last Exorcism - 2010
76549,Prey for the Devil - 2022
76598,The Book of Life - 2014
76618,Hustle - 2022
76622,Shazam! - 2019
76623,Shazam! Fury of the Gods - 2023
76624,Lights Out - 2016
76625,Annabelle: Creation - 2017
76684,Life in a Year - 2020
76834,Paranômaru akutibiti: Dai-2-shô - Tokyo Night - 2010
76839,Amon Saga - 1986
76859,Spirited - 2022
76860,Sex Drive - 2008
76861,That's My Boy - 2012
76862,Daddy's Home - 2015
76863,Horrible Bosses 2 - 2014
76865,Instant Family - 2018
76874,Saw VI - 2009
76875,Saw 3D - 2010
76876,Saw X - 2023
76909,TMNT - 2007
76987,Spider-Man: No Way Home - 2021
76989,Spider-Man: Homecoming - 2017
76991,Spider-Man: Far from Home - 2019
77126,Breaking Surface - 2020
77141,MexZombies - 2022
77226,Revoir Paris - 2022
77273,A Dog's Journey - 2019
77287,Seven Kings Must Die - 2023
77303,The Amazing Spider-Man - 2012
77304,(500) Days of Summer - 2009
77305,The Amazing Spider-Man 2 - 2014
77306,Gifted - 2017
77393,In the Earth - 2021
77416,Step Up - 2006
77418,The Proposal - 2009
77419,Hocus Pocus 2 - 2022
77449,Hunter Killer - 2018
77469,Tadeo Jones 3. La tabla esmeralda - 2022
77470,Las aventuras de Tadeo Jones - 2012
77516,Bisang seoneon - 2021
77558,Igor - 2008
77562,The Bourne Legacy - 2012
77597,Watashi no dorei ni narinasai - 2012
77603,Sei no Gekiyaku - 2020
77630,Sanctum - 2011
77632,Bloody Hell - 2020
77644,The Babadook - 2014
77803,Finch - 2021
77828,All the Bright Places - 2020
77927,Ex Machina - 2014
77928,Men - 2022
77930,Annihilation - 2018
77945,Arsenault & fils - 2022
78239,The Kissing Booth - 2018
78240,The Kissing Booth 2 - 2020
78265,Pahanhautoja - 2022
78273,The Lobster - 2015
78274,The Favourite - 2018
78342,Warcraft - 2016
78343,Source Code - 2011
78344,Moon - 2009
78383,Gansin - 2015
78404,I Came By - 2022
78604,Tirailleurs - 2022
78632,Red Tails - 2012
78635,Eres tú - 2023
78708,Dirty Grandpa - 2016
78822,Big Stan - 2007
78851,Sharper - 2023
78860,Toc Toc - 2017
78878,Robin Hood - 2018
78964,Darby and the Dead - 2022
78974,Girl in the Picture - 2022
78982,CHIPS - 2017
79169,One piece: Nejimaki shima no bôken - 2001
79176,Konjiki no Gash Bell!!: Unlisted Demon 101 - 2004
79219,The 5th Wave - 2016
79220,I Care a Lot - 2020
79228,No manches Frida - 2016
79233,The Mummy - 2017
79237,The Portable Door - 2023
79245,Pacific Rim: Uprising - 2018
79248,Star Wars: The Clone Wars - 2008
79256,Batman: Soul of the Dragon - 2021
79257,Batman: The Killing Joke - 2016
79290,Breakthrough - 2019
79301,Sex and the City - 2008
79305,Pitch Perfect - 2012
79306,Shotgun Wedding - 2022
79308,Hummingbird - 2013
79309,Locke - 2013
79377,Paddington - 2014
79379,Paddington 2 - 2017
79434,El Camino - 2019
79456,Senior Year - 2022
79460,In-gan-jung-dok - 2014
79478,Who Am I - Kein System ist sicher - 2014
79495,The Vow - 2012
79496,Every Day - 2018
79505,Evil Dead - 2013
79507,Don't Breathe - 2016
79508,The Girl in the Spider's Web - 2018
79614,PAW Patrol: The Movie - 2021
79616,The Nut Job 2: Nutty by Nature - 2017
79638,Prancer: A Christmas Tale - 2022
79655,Serbuan maut - 2011
79656,Serbuan maut 2: Berandal - 2014
79674,Love Again - 2023
79724,Fenómenas - 2023
79735,The Taking - 2014
79736,Insidious: The Last Key - 2018
79737,Escape Room - 2019
79738,Escape Room: Tournament of Champions - 2021
79743,Mortal Kombat Legends: Battle of the Realms - 2021
79745,Mortal Kombat Legends: Scorpion's Revenge - 2020
79808,Child's Play - 2019
79907,The Valet - 2022
79920,The Watch - 2012
79921,Chip 'n Dale: Rescue Rangers - 2022
79936,A Quiet Place - 2018
79937,A Quiet Place Part II - 2020
79953,Gekijô-ban Naruto: Daigekitotsu! Maboroshi no chitei iseki dattebayo! - 2005
79985,Before I Fall - 2017
80000,The Last: Naruto the Movie - 2014
80017,The Babysitters - 2007
80071,Forgetting Sarah Marshall - 2008
80074,Neighbors - 2014
80112,Unbroken: Path to Redemption - 2018
80113,Boston Strangler - 2023
80118,CODA - 2021
80197,Lucy Shimmers and the Prince of Peace - 2020
80239,Quiero tu vida - 2023
80247,The Voyeurs - 2021
80298,Inspector Sun y la maldición de la viuda negra - 2022
80348,Godzilla - 2014
80351,Rogue One - 2016
80367,District 9 - 2009
80369,Elysium - 2013
80370,Chappie - 2015
80371,Gran Turismo - 2023
80402,A través de mi ventana - 2022
80403,A través del mar - 2023
80422,She's Out of My League - 2010
80607,Capharnaüm - 2018
80611,Wrong Turn - 2021
80620,Sunsu-ui sidae - 2015
80632,The Hunt - 2020
80677,Dracula Untold - 2014
80706,Clean - 2021
80815,Road to Ninja: Naruto the Movie - 2012
80828,Close - 2019
80832,Assassin's Creed - 2016
81010,300: Rise of an Empire - 2014
81036,RoboCop - 2014
81096,Portrait de la jeune fille en feu - 2019
81164,Sora no aosa o shiru hito yo - 2019
81166,Kokoro ga sakebitagatterunda. - 2015
81183,La Princesa - 2022
81233,Project Almanac - 2015
81234,Power Rangers - 2017
81305,3 metros sobre el cielo - 2010
81306,Tengo ganas de ti - 2012
81335,Kung Fu Panda 2 - 2011
81336,The Darkest Minds - 2018
81347,Hellraiser - 2022
81403,The Weekend Away - 2022
81440,Before I Go to Sleep - 2014
81479,Unbroken - 2014
81550,Akuseru wârudo: Infinite Burst - 2016
81601,Violent Night - 2022
81603,I onde dager - 2021
81604,Hansel & Gretel: Witch Hunters - 2013
81605,What Happened to Monday - 2017
81673,Babardeala cu bucluc sau porno balamuc - 2021
81905,Strange Magic - 2015
81980,Comment je suis devenu super-héros - 2020
82041,Un monstre à Paris - 2011
82118,Uneun namja - 2014
82149,"Good Luck to You, Leo Grande - 2022"
82174,Yoake tsugeru Rû no uta - 2017
82175,"Kimi to, nami ni noretara - 2019"
82196,The Purge - 2013
82197,The Purge: Anarchy - 2014
82198,The Purge: Election Year - 2016
82222,My Best Friend's Exorcism - 2022
82286,Gekijouban Kuroko no basuke: Last Game - 2017
82290,Chupa - 2023
82299,The Contractor - 2022
82310,Ryouma! The Prince of Tennis Shinsei Gekijouban Tennis no Ouji-sama - 2021
82352,Gekijouban Nanatsu no Taizai: Hikari ni Norowareshi Mono-tachi - 2021
82368,One Piece Film: Red - 2022
82403,Rurôni Kenshin: Sai shûshô - The Final - 2021
82404,Rurôni Kenshin: Sai shûshô - The Beginning - 2021
82406,Rurôni Kenshin: Meiji kenkaku romantan - 2012
82409,Rurôni Kenshin: Densetsu no saigo-hen - 2014
82435,Gekijôban Hunter x Hunter: The Last Mission - 2013
82436,La consagración de la primavera - 2022
82441,La caída - 2022
82443,Kimi o Aishita Hitori no Boku e - 2022
82494,Somebody I Used to Know - 2023
82504,Alpha - 2018
82526,The Princess - 2022
82546,Underworld: Blood Wars - 2016
82547,Lou - 2022
82579,The Autopsy of Jane Doe - 2016
82581,Torden - 2020
82588,Megamind - 2010
82590,The Boss Baby: Family Business - 2021
82627,La leyenda de la Nahuala - 2007
82648,Baburu - 2022
82649,Gekijouban Shingeki no kyojin Zenpen: Guren no yumiya - 2014
82650,Gekijôban Shingeki no Kyojin Kôhen: Jiyû no tsubasa - 2015
82658,Perfect Addiction - 2023
82664,Marcel the Shell with Shoes On - 2021
82675,Countdown - 2019
82696,Fire Island - 2022
82712,Yi zhou de peng you - 2022
82787,Unhinged - 2020
82852,Kids vs. Aliens - 2022
83071,Werewolves Within - 2021
83170,Brick Mansions - 2014
83171,The Transporter Refueled - 2015
83193,Kamen Rider Geats × Revice: Movie Battle Royale - 2022
83214,Blockers - 2018
83237,The Nun II - 2023
83238,The Curse of La Llorona - 2019
83239,The Conjuring: The Devil Made Me Do It - 2021
83288,Deurim - 2023
83350,Causeway - 2022
83405,Long ma jing shen - 2023
83442,Bastille Day - 2016
83447,Run Hide Fight - 2020
83462,Akinjeon - 2019
83500,Moloch - 2022
83527,Marry Me - 2022
83555,Kimi no me ga toikaketeiru - 2020
83596,Beckett - 2021
83660,Last Seen Alive - 2022
83663,Wild Child - 2008
83685,Annabelle Comes Home - 2019
83773,The Greatest Beer Run Ever - 2022
83775,Green Book - 2018
83807,The Father - 2020
83808,The Son - 2022
83828,"Alice, Darling - 2022"
83844,Rambo: Last Blood - 2019
83845,Get the Gringo - 2012
83891,No Abras La Puerta - 2022
83895,Braven - 2018
83917,Lightyear - 2022
83954,On the Count of Three - 2021
84035,The King - 2019
84061,Meitantei Konan Kurogane no Sabumarin - 2023
84123,The Warrior's Way - 2010
84125,Injustice - 2021
84128,Project X - 2012
84131,¿Cómo matar a Mamá? - 2023
84133,Censor - 2021
84136,Hardcore Henry - 2015
84137,Nobody - 2021
84163,Navalny - 2022
84171,The Cabin in the Woods - 2011
84173,Prom Pact - 2023
84282,The Exorcism of God - 2021
84284,Miraculous - Le film - 2023
84291,Infinity Pool - 2023
84294,John Wick: Chapter 4 - 2023
84295,John Wick - 2014
84296,John Wick: Chapter 2 - 2017
84297,John Wick: Chapter 3 - Parabellum - 2019
84301,Les trois mousquetaires: D'Artagnan - 2023
84310,On the Line - 2022
84429,Do Revenge - 2022
84472,Deathstroke Knights & Dragons: The Movie - 2020
84524,Cerdita - 2022
84545,Terrifier 2 - 2022
84546,All Hallows' Eve - 2013
84548,Terrifier - 2016
84559,BAC Nord - 2020
84560,Novembre - 2022
84562,HHhH - 2017
84625,The Time Capsule - 2022
84640,Captain Fantastic - 2016
84717,Beomjoidosi - 2017
84720,Catch the Fair One - 2021
84737,Crush - 2022
84760,Balle perdue 2 - 2022
84805,All My Friends Hate Me - 2021
84864,Vaioretto evâgâden gaiden: Eien to jidô shuki ningyô - 2019
85015,Paranormal Activity: Next of Kin - 2021
85018,The Signal - 2014
85019,Underwater - 2020
85030,The Invisible Man - 2020
85031,Insidious: Chapter 3 - 2015
85032,Upgrade - 2018
85111,The Hustle - 2019
85145,One Piece Film Z - 2012
85153,Maleficent: Mistress of Evil - 2019
85215,Money Shot: The Pornhub Story - 2023
85252,Till - 2022
85477,Spell - 2020
85529,Malcolm & Marie - 2021
85544,Babylon - 2022
85545,First Man - 2018
85547,Whiplash - 2014
85548,La La Land - 2016
85574,Chernobyl - 2021
85611,Five Feet Apart - 2019
85662,Infelices para Siempre - 2023
85708,The Marvels - 2023
85710,Candyman - 2021
85783,Hunter Hunter - 2020
85836,America: The Motion Picture - 2021
85839,Nanny - 2022
85843,The Harder They Fall - 2021
85872,Living - 2022
85920,The Trial of the Chicago 7 - 2020
85921,Molly's Game - 2017
85989,Weird: The Al Yankovic Story - 2022
85990,Die Hart - 2023
86006,The Descent: Part 2 - 2009
86011,Don't Worry Darling - 2022
86016,Sweet Girl - 2021
86028,Shinmai Maou no Testament Departures - 2018
86040,The Boy Who Harnessed the Wind - 2019
86058,Noc w przedszkolu - 2022
86118,Lady Chatterley's Lover - 2022
86120,Night Teeth - 2021
86123,I See You - 2019
86135,La llorona - 2019
86142,Simulant - 2023
86147,Below Her Mouth - 2016
86232,Couples Retreat - 2009
86262,The Vigil - 2019
86277,Where the Crawdads Sing - 2022
86284,Neukdaesanyang - 2022
86337,Princess Principal Crown Handler: Chapter 2 - 2021
86340,Princess Principal Crown Handler: Chapter 1 - 2021
86395,Ghosted - 2023
86397,Rocketman - 2019
86400,Easy A - 2010
86401,Friends with Benefits - 2011
86402,Annie - 2014
86405,Peter Rabbit 2: The Runaway - 2021
86414,The Matrix Resurrections - 2021
86447,Reggie - 2023
86629,Step Up All In - 2014
86630,Pitch Perfect 3 - 2017
86679,Gekijôban Kimetsu no yaiba: Mugen Ressha hen - 2020
86680,Kimetsu no Yaiba: Kyôdai no Kizuna - 2019
86681,Kimetsu no Yaiba: Natagumo Yama-hen - 2020
86682,Kimetsu no Yaiba: Asakusa-hen - 2021
86683,Kimetsu no Yaiba: Tsuzumi Yashiki-hen - 2021
86684,Kimetsu no Yaiba: Katanakaji no Sato-hen - 2023
86744,Scouts Guide to the Zombie Apocalypse - 2015
86746,Happy Death Day - 2017
86747,We Have a Ghost - 2023
86778,See How They Run - 2022
86836,Malvada - 2022
86841,"Argentina, 1985 - 2022"
86882,Titane - 2021
86898,How to Train Your Dragon 2 - 2014
86899,How to Train Your Dragon: The Hidden World - 2019
86933,As They Made Us - 2022
86967,Nope - 2022
86968,Get Out - 2017
86969,Us - 2019
87035,Extinction - 2018
87186,Yeonae ppajin romaenseu - 2021
87200,Tron: Legacy - 2010
87201,Oblivion - 2013
87202,Top Gun: Maverick - 2022
87203,Only the Brave - 2017
87204,Spiderhead - 2022
87347,Suro - 2022
87372,"Batman: The Long Halloween, Part One - 2021"
87373,"Batman: The Long Halloween, Part Two - 2021"
87444,Holy Spider - 2022
87500,Boku no Hîrô Akademia za Mûbî Hîrôzu: Raijingu - 2019
87501,Boku no Hîrô Akademia za Mûbî Wârudo Hîrôzu Misshon - 2021
87502,Boku no Hîrô Akademia za Mûbî Futari no Hîrô - 2018
87510,Home - 2015
87544,How to Blow Up a Pipeline - 2022
87609,La Usurpadora - 2023
87611,The Northman - 2022
87612,The VVitch: A New-England Folktale - 2015
87613,The Lighthouse - 2019
87626,Creed III - 2023
87630,Obi-Wan Kenobi: A Jedi's Return - 2022
87651,Goblin Slayer: Goblin's Crown - 2020
87748,Evil Dead Rise - 2023
87778,Devotion - 2022
87792,Umibe no Étranger - 2020
87810,Host - 2020
87833,Feng bao - 2021
87838,Lost Lotteries - 2022
87860,See for Me - 2021
87869,Nocebo - 2022
87871,Vivarium - 2019
87900,Champions - 2023
87935,Ostatnia wieczerza - 2022
88025,The Mystery of Marilyn Monroe: The Unheard Tapes - 2022
88037,Geostorm - 2017
88078,The Wrong Missy - 2020
88140,The Unbearable Weight of Massive Talent - 2022
88141,That Awkward Moment - 2014
88143,Eiga yurukyan - 2022
88206,Quasi - 2023
88212,Tôkyô Ribenjâzu - 2021
88220,Tokyo Revengers 2 - 2023
88239,Reo hoad... muean kod ter - 2022
88258,Le dernier mercenaire - 2021
88278,Saw V - 2008
88281,Dangerous - 2021
88288,Kimi wa kanata - 2020
88407,Old People - 2022
88468,Candy Land - 2022
88478,Bullet Train - 2022
88481,Deadpool 2 - 2018
88482,Fast & Furious Presents: Hobbs & Shaw - 2019
88526,"Pamela, a Love Story - 2023"
88602,No One Gets Out Alive - 2021
88621,Tag - 2018
88664,Athena - 2022
88677,Munch - 2023
88908,Eiga Go-Toubun no Hanayome - 2022
89250,Smile - 2022
89271,The Witcher: Nightmare of the Wolf - 2021
89277,Tracers - 2015
89382,Porno - 2019
89442,Huesera - 2022
89465,Barbie Princess Adventure - 2020
89489,The Pilgrim's Progress - 2019
89518,Resident Evil: Degeneration - 2008
89519,Resident Evil: Damnation - 2012
89648,Gekijôban Fearî Teiru: Doragon Kurai - 2017
89668,Paranormal Activity - 2007
89674,Citadel - 2015
89718,Gekijouban Poketto monsutâ: koko - 2020
89719,Gekijouban Poketto monsutâ: Minna no Monogatari - 2018
89737,Five Nights at Freddy's - 2023
89753,You People - 2023
89770,The Bad Batch - 2016
89792,The Fallout - 2021
89794,Don Jon - 2013
89912,The Stranger - 2022
90053,Emma. - 2020
90075,Jeolmeun eomma 3 - 2015
90081,One Shot - 2021
90218,Watcher - 2022
90266,Gekijô-ban Sôdo Âto Onrain: Sword Art Online - Ôdinaru sukêru - - 2017
90267,Harô Wârudo - 2019
90338,Malcriados - 2023
90362,Black Mass - 2015
90363,The Pale Blue Eye - 2022
90364,Hostiles - 2017
90365,Antlers - 2021
90409,Digimon Adventure: Last Evolution Kizuna - 2020
90426,Yes ka No ka Hanbun ka - 2020
90440,Yu-Gi-Oh!: The Dark Side of Dimensions - 2016
90460,Gulltransporten - 2022
90585,Ghost in the Shell - 2017
90586,Snow White and the Huntsman - 2012
90648,Gekijouban Jujutsu Kaisen 0 - 2021
90671,Jung_E - 2023
90674,Busanhaeng - 2016
90676,Bando - 2020
90722,Extraction 2 - 2023
90723,Extraction - 2020
90815,True Spirit - 2023
90817,A Todas Partes - 2023
90818,¡Qué despadre! - 2022
90830,892 - 2022
90872,Love and Leashes - 2022
90902,Red Dawn - 2012
90971,Emily - 2022
90986,Fijn weekend - 2023
91003,Matadero - 2022
91080,A Thousand and One - 2023
91104,Gekijouban Seitokai Yakuindomo 2 - 2021
91105,Gekijouban Seitokai yakuindomo - 2017
91229,The Last 10 Years - 2022
91301,Strays - 2023
91360,The Sea Beast - 2022
91388,The Shack - 2017
91394,Young Aunt 3 - 2020
91399,The Larva Island Movie - 2020
91411,Den of Thieves - 2018
91429,The Hallow - 2015
91430,The Nun - 2018
91484,Seinto Seiya: Rejendo Obu Sankuchuari - 2014
91539,Yacha - 2022
91585,Jaula - 2022
91623,Resident Evil: Vendetta - 2017
91632,M3GAN - 2022
91652,I'm Not Ashamed - 2016
91736,Cider no yô ni kotoba ga wakiagaru - 2020
91774,Linoleum - 2022
91779,Nordsjøen - 2021
91780,Skjelvet - 2018
91781,Irati - 2022
91881,Nagwonui bam - 2020
91882,Manyeo: Part 2. The Other One - 2022
91887,Manyeo - 2018
91902,Encounter - 2021
91904,Luca - 2021
91934,The Call of the Wild - 2020
91959,Your Place or Mine - 2023
91986,Seungriho - 2021
92072,"Paul, Apostle of Christ - 2018"
92076,The Invitation - 2022
92090,Joze to tora to sakana-tachi - 2020
92134,After Porn Ends - 2012
92135,After Porn Ends 2 - 2017
92136,Solace - 2015
92176,Eumlangwaoe - 2016
92186,The Good Nurse - 2022
92195,Hole-in-law - 2020
92206,R-Rated Idol Seung-ha's Sex Scandal - 2020
92208,Pretty Young Sister - 2020
92305,The Glass Castle - 2017
92306,Just Mercy - 2019
92307,Shang-Chi and the Legend of the Ten Rings - 2021
92387,Army of Thieves - 2021
92440,Two Mothers - 2017
92467,Kamiarizuki no kodomo - 2021
92503,Sakasama no Patema - 2013
92546,Soulmeiteu - 2023
92597,The Offering - 2022
93001,Girl in the Basement - 2021
93005,Xin shen bang: Ne Zha chong sheng - 2021
93011,Rise of the Guardians - 2012
93104,Cherry Magic! Thirty Years Of Virginity Can Make You A Wizard?!: The Movie - 2022
93147,Last Shift - 2014
93162,Seobok - 2021
93236,The Reading - 2023
93329,Ava - 2017
93366,Fresh - 2022
93380,Insidious: The Red Door - 2023
93425,Gekijôban Sword Art Online Progressive Hoshi naki yoru no Aria - 2021
93474,Rang song - 2021
93612,Eiga Doraemon Shin Nobita to tetsujin heidan: Habatake tenshitachi - 2011
93644,Beau Is Afraid - 2023
93645,Hereditary - 2018
93646,Midsommar - 2019
93659,Bandit - 2022
93696,Liu lang di qiu 2 - 2023
93697,Liu lang di qiu - 2019
93704,Berserk: Ougon Jidai-hen I - Haou no Tamago - 2012
93705,Berserk: Ougon jidai-hen II - Dorudorei koryaku - 2012
93706,Berserk: Ougon jidai-hen III - Kourin - 2013
93778,Shuo Feng - Po Zhen Zi - 2020
93813,American Murderer - 2022
93828,Seouldaejakjeon - 2022
93849,Wan Pîsu Firumu: Gôrudo - 2016
93877,Eternals - 2021
93919,Bruiser - 2022
94035,The Immaculate Room - 2022
94063,Eo-lin hyeong-soo 2 - 2017
94105,Doraemon the Movie: Nobita's Little Star Wars 2021 - 2022
94129,Eiga Karakai Jouzu no Takagi-san - 2022
94131,"Hello, Goodbye and Everything in Between - 2022"
94160,Super-héros malgré lui - 2021
94217,Justice Society: World War II - 2021
94218,Green Lantern: Beware My Power - 2022
94219,Legion of Super-Heroes - 2023
94322,The Banker - 2020
94364,Regular Show: The Movie - 2015
94431,Black Panther - 2018
94433,Creed - 2015
94434,Black Panther: Wakanda Forever - 2022
94456,"Hansel, Gretel i Agentstvo Magii - 2021"
94492,Il mio nome è vendetta - 2022
94556,Fate/Grand Order The Movie Divine Realm Of The Round Table: Camelot Paladin; Agateram - 2021
94563,Toy Story 4 - 2019
94643,Honest Thief - 2020
94671,King - 2022
94672,20 ans d'écart - 2013
94719,Those Who Wish Me Dead - 2021
94720,Wind River - 2017
94736,The Outfit - 2022
94797,12 Strong - 2018
94813,Mi-syeon pa-seo-beul - 2021
94873,"I, Frankenstein - 2014"
94890,King Richard - 2021
94914,Cocaine Bear - 2023
94915,Pitch Perfect 2 - 2015
94988,Elemental - 2023
94989,The Good Dinosaur - 2015
95001,The Greatest Showman - 2017
95053,Look Both Ways - 2022
95176,Monsters University - 2013
95177,Onward - 2020
95240,Deo killeo: Jugeodo doeneun ai - 2022
95248,Kateo - 2022
95300,Father Stu - 2022
95344,Sans répit - 2022
95345,Sans répit - 2022
95359,Hunger - 2023
95436,Hansan: Yongui chulhyeon - 2022
95473,Close - 2022
95508,Soft & Quiet - 2022
95524,Birds of Prey and the Fantabulous Emancipation of One Harley Quinn - 2020
95570,Doragon Bôru Sûpâ Sûpâ Hîrô - 2022
95623,Askeladden: I Dovregubbens hall - 2017
95686,Mal de ojo - 2022
95728,Falling for Christmas - 2022
95755,Love and Monsters - 2020
95770,Mune ga Naru no wa Kiminosei - 2021
95789,Mideunaiteu - 2021
95803,Code 8 - 2019
95820,Inside - 2023
95845,Teenage Mutant Ninja Turtles: Out of the Shadows - 2016
95868,Fear Street: 1994 - 2021
95869,Fear Street: 1978 - 2021
95899,The Girl Who Escaped: The Kara Robinson Story - 2023
95933,La Leyenda de la Llorona - 2011
95965,The Enforcer - 2022
95991,Transfusion - 2023
96006,Triple Frontier - 2019
96030,Goe-gi-maen-syon - 2021
96038,Meet Cute - 2022
96154,Of an Age - 2022
96156,You Won't Be Alone - 2022
96158,"Gubbai, Don Gurîzu! - 2021"
96159,Nôgêmu nôraifu: Zero - 2017
96252,Chronicle - 2012
96275,Blue's Big City Adventure - 2022
96355,Pil - 2021
96359,Kong: Skull Island - 2017
96485,Emily the Criminal - 2022
96543,Barbie - 2023
96544,Little Women - 2019
96545,Lady Bird - 2017
96550,A Star Is Born - 2018
96635,Barbarian - 2022
96647,Lady and the Tramp - 2019
96687,The First Slam Dunk - 2022
96720,Turbo - 2013
96721,Captain Underpants: The First Epic Movie - 2017
96849,20segi sonyeo - 2022
96857,El cadáver de Anna Fritz - 2015
96867,Vacation Friends - 2021
96891,Sanctuary - 2022
96903,Studio 666 - 2022
96933,Cars 3 - 2017
96934,The Independent - 2022
97031,Boku ga Aishita Subete no Kimi e - 2022
97101,Ame o tsugeru hyôryû danchi - 2022
97112,Eiga Kono subarashii sekai ni shukufuku o!: Kurenai densetsu - 2019
97174,Kangaroo Valley - 2022
97251,Mortal Kombat Legends: Snow Blind - 2022
97276,Benny Loves You - 2019
97304,No Hard Feelings - 2023
97305,Good Boys - 2019
97339,Man on a Ledge - 2012
97355,Karigurashi no Arietti - 2010
97356,Omoide no Mânî - 2014
97395,Mortal Engines - 2018
97418,Medieval - 2022
97424,Ténor - 2022
97451,The Marksman - 2021
97517,Beomjoidosi 2 - 2022
97558,Maleficent - 2014
97928,Bloodshot - 2020
97996,All the Old Knives - 2022
98082,Honor Society - 2022
98131,Forces spéciales - 2011
98163,Twelve - 2020
98164,Blue Beetle - 2023
98210,The Courier - 2020
98280,El Hogar - 2022
98354,Gil Bok-soon - 2023
98442,Little - 2019
98443,Praise This - 2023
98543,Me Before You - 2016
98656,No Exit - 2022
98713,Promising Young Woman - 2020
98747,The Old Way - 2023
98783,The Pirates: The Last Royal Treasure - 2022
98806,Step Up Revolution - 2012
98808,Midnight Sun - 2018
98900,Playing It Cool - 2014
98934,El hoyo - 2019
98941,Méandre - 2020
99061,Inside the Mind of a Cat - 2022
99147,80 for Brady - 2023
99218,Phineas and Ferb the Movie: Candace Against the Universe - 2020
99305,Maggie - 2015
99510,Malchik-delfin - 2022
99568,Searching - 2018
99569,Run - 2020
99649,"Are You There God? It's Me, Margaret. - 2023"
99687,The First Purge - 2018
99857,The Huntsman: Winter's War - 2016
100019,Gekijouban danjon ni deai o motomeru no wa machigatteiru daro ka: Orion no ya - 2019
100043,Retour à Séoul - 2022
100075,Cyber Hell: Exposing an Internet Horror - 2022
100079,Aftersun - 2022
100108,Dual - 2022
100171,Gekijôban Vaioretto Evâgâden - 2020
100596,Book Club: The Next Chapter - 2023
100652,The Artifice Girl - 2022
100696,Scrooge: A Christmas Carol - 2022
100734,The Silk Road Rally - 2023
100772,BlackBerry - 2023
100791,Spectral - 2016
100845,Gekijouban Fate/Stay Night: Heaven's Feel - I. Presage Flower - 2017
100972,2037 - 2022
101233,The Redeem Team - 2022
101360,Gon-ji-am - 2018
101403,The Fault in Our Stars - 2014
101404,The New Mutants - 2020
101406,Chang kong zhi wang - 2023
101541,Pattie et la colère de Poséidon - 2022
101554,The Hanging Sun - 2022
101783,José Luis López Vázquez. ¡Qué disparate! - 2022
101784,Burakku Kurôbâ: Mahôtei no Ken - 2023
101903,Mummies - 2023
102077,Need for Speed - 2014
102080,Hidden Strike - 2023
102167,Mowgli - 2018
102169,Venom: Let There Be Carnage - 2021
102252,Seuwichi - 2023
102361,Aristotle and Dante Discover the Secrets of the Universe - 2022
102531,Xi you ji zhi da sheng gui lai - 2015
102578,The Magician's Elephant - 2023
102599,Shisha no teikoku - 2015
102683,Seumateuponeul tteoreotteuryeosseul ppuninde - 2023
102807,The Wild One - 2022
102858,Hitman: Agent 47 - 2015
102872,Barbie: Skipper and the Big Babysitting Adventure - 2023
102934,AKA - 2023
103013,Transformers: Rise of the Beasts - 2023
103015,Creed II - 2018
103070,100% Wolf - 2020
103192,The Croods: A New Age - 2020
103235,Nightcrawler - 2014
103237,Velvet Buzzsaw - 2019
103300,Pleasure - 2021
103359,Blame! - 2017
103435,Camp X-Ray - 2014
103456,Bodies Bodies Bodies - 2022
103506,Palma - 2021
103728,Poppin Q - 2016
104023,In from the Side - 2022
104505,Doragon Bôru Zetto Fukkatsu no 'Efu' - 2015
104680,Hwaryeonhan oechul - 2013
104809,After - 2019
104956,Chemical Hearts - 2020
104987,Kubo and the Two Strings - 2016
104988,Bumblebee - 2018
105021,A-X-L - 2018
105121,Prizefighter: The Life of Jem Belcher - 2022
105791,Paradise Highway - 2022
105879,Wish Dragon - 2021
106029,Mia and Me: The Hero of Centopia - 2022
106339,Don't Breathe 2 - 2021
106407,Nae a-nae-eui eon-ni - 2016
106422,La Inevitable Muerte del Cangrejo - 2022
106473,Monsters of Man - 2020
106486,His House - 2020
106515,X-Men: Dark Phoenix - 2019
106516,The 355 - 2022
106523,Sexology - 2016
106585,The Loud House - 2021
106609,Mutual Relations - 2015
106660,Eiga Hugtto! Precure x Futari wa Precure: All Stars Memories - 2018
106696,Heon-teu - 2022
106861,Seuwaping hadeon nal - 2017
106883,Ming yat zin gei - 2022
106926,Le chant du loup - 2019
107122,Gekijôban Shingeki no Kyojin Season 2: Kakusei no hôkô - 2018
107182,Turning Red - 2022
107193,The Bad Guys - 2022
107274,Rumble - 2021
107286,Gunpowder Milkshake - 2021
107659,The Unholy - 2021
